-0.37,0.56,0.55,37.72,-92.83,0.18,-0.00,90603892
-0.63,0.52,0.56,57.25,-100.40,-1.71,-0.00,90613670
-0.56,0.39,0.45,52.86,-76.17,4.88,-0.00,90623436
-0.58,0.31,0.65,69.52,-85.94,-2.50,-0.00,90628111
-0.56,0.31,0.50,55.79,-96.86,-6.47,-0.00,90637870
-0.56,0.31,0.50,60.91,-96.86,-8.97,-0.00,90646493
-0.68,0.24,0.60,60.91,-96.86,-8.97,-0.00,90655122
-0.79,0.14,0.67,67.20,-97.53,-9.77,-0.00,90664843
-0.82,0.14,0.67,68.48,-98.69,-20.14,-0.00,90674665
-0.86,0.11,0.66,71.72,-93.81,-22.58,-0.00,90684451
-0.94,0.04,0.67,67.14,-89.60,-28.32,-0.00,90689124
-0.91,0.05,0.69,58.96,-84.17,-34.55,-0.00,90698869
-0.87,0.01,0.67,51.39,-78.19,-40.22,-0.00,90708647
-0.87,0.01,0.67,46.51,-74.77,-47.55,-0.00,90717249
-0.85,0.02,0.68,46.51,-74.77,-47.55,-0.00,90726007
-0.81,0.03,0.68,45.35,-73.61,-62.13,-0.00,90735791
-0.79,0.12,0.72,50.42,-71.23,-67.08,-0.00,90745590
-0.79,0.16,0.74,61.10,-69.58,-74.52,-0.00,90755374
-0.79,0.21,0.77,74.65,-68.66,-83.92,-0.00,90760114
-0.90,-0.53,1.01,13.49,-68.97,-184.33,-0.00,91321818
-0.90,-0.53,1.01,13.49,-68.97,-184.33,-0.00,91329636
-0.92,-0.58,0.91,-14.59,-67.93,-177.43,-0.00,91339402
-0.84,-0.57,0.79,-39.73,-66.16,-173.46,-0.00,91349221
-0.75,-0.56,0.63,-83.44,-59.39,-171.51,-0.00,91353900
-0.57,-0.37,0.34,-95.83,-59.75,-167.30,-0.00,91363681
-0.52,-0.34,0.24,-98.33,-63.42,-165.65,-0.00,91373341
-0.52,-0.34,0.24,-88.07,-66.28,-166.69,-0.00,91381964
-0.47,-0.36,0.21,-88.07,-66.28,-166.69,-0.00,91390786
-0.40,-0.34,0.20,-68.48,-67.02,-169.98,-0.00,91400552
-0.31,-0.35,0.12,-28.38,-61.58,-184.33,-0.00,91410373
-0.13,-0.33,0.08,-0.92,-51.45,-188.96,-0.00,91420162
-0.06,-0.35,0.09,23.13,-35.46,-187.81,-0.00,91424860
0.08,-0.47,0.07,38.27,-20.57,-186.71,-0.00,91434691
0.21,-0.41,0.12,52.00,-8.06,-185.42,-0.00,91444397
0.21,-0.41,0.12,62.50,0.43,-181.03,-0.00,91453011
0.27,-0.41,0.17,63.60,7.26,-173.46,-0.00,91462639
0.38,-0.17,0.24,64.45,15.62,-159.67,-0.00,91472390
0.33,-0.25,0.22,60.00,27.28,-141.24,-0.00,91482217
0.32,-0.21,0.32,52.80,36.80,-129.21,-0.00,91492008
0.28,-0.12,0.45,43.03,41.44,-115.60,-0.00,91501784
0.22,0.05,0.27,28.75,38.27,-95.15,-0.00,91511595
0.11,0.15,0.26,19.84,40.04,-76.72,-0.00,91516258
0.13,0.27,0.17,-6.53,44.56,-44.86,-0.00,91526051
0.18,0.43,0.14,-13.73,46.81,-28.44,-0.00,91535763
0.24,0.68,0.12,-20.51,48.95,-18.07,-0.00,91545344
0.24,0.68,0.12,-20.51,48.95,-18.07,-0.00,91553132
0.29,0.77,0.07,-26.00,49.13,-10.13,-0.00,91562884
0.36,0.89,0.04,-27.04,47.79,-3.30,-0.00,91572681
0.45,0.96,-0.03,-25.70,47.73,4.33,-0.00,91582413
0.59,1.01,-0.08,-10.99,56.03,15.14,-0.00,91587078
0.98,0.97,-0.10,-1.04,57.19,17.70,-0.00,91596841
0.98,0.97,-0.10,3.23,54.69,21.79,-0.00,91605472
1.17,1.00,-0.02,3.23,54.69,21.79,-0.00,91614071
1.29,1.02,-0.02,3.91,52.67,31.19,-0.00,91623801
1.26,1.01,-0.01,3.17,45.41,43.21,-0.00,91633611
1.19,1.07,0.08,-1.28,20.81,75.87,-0.00,91643389
1.00,1.19,0.12,-23.80,14.65,98.27,-0.00,91648086
0.76,1.13,-0.15,-31.92,4.94,114.56,-0.00,91657867
0.59,1.36,-0.01,-41.87,-5.74,123.54,-0.00,91667652
0.59,1.36,-0.01,-52.67,-13.67,137.57,-0.00,91676280
0.44,1.42,0.12,-52.67,-13.67,137.57,-0.00,91685095
0.34,1.40,-0.03,-49.38,-18.68,153.87,-0.00,91694861
0.17,1.38,0.01,-38.15,-32.17,169.80,-0.00,91704647
-0.18,1.25,-0.07,-32.78,-39.98,180.54,-0.00,91714432
-0.36,1.24,-0.13,-33.51,-47.73,189.27,-0.00,91719150
-0.60,1.19,-0.12,-42.54,-55.79,195.43,-0.00,91728945
-0.88,1.18,-0.22,-57.25,-62.26,207.21,-0.00,91738756
-0.88,1.18,-0.22,-77.51,-68.12,217.47,-0.00,91747568
-1.00,1.19,-0.29,-96.44,-73.12,226.01,-0.00,91757240
-1.49,1.20,-0.32,-113.16,-76.72,233.83,-0.00,91766874
-1.67,1.25,-0.29,-131.41,-77.27,237.73,-0.00,91776657
-1.83,1.38,-0.30,-147.28,-73.30,243.53,-0.00,91786474
-2.01,1.48,-0.52,-156.68,-60.00,255.37,-0.00,91796239
-2.44,1.47,-0.69,-157.96,-39.31,265.20,-0.00,91805998
-2.56,1.47,-0.82,-156.25,-19.41,265.69,-0.00,91815797
-2.53,1.54,-0.80,-140.69,17.52,244.75,-0.00,91820479
-2.66,1.67,-0.58,-132.57,25.82,230.96,-0.00,91830096
-2.66,1.67,-0.58,-110.11,19.04,201.54,-0.00,91838680
-2.05,1.57,-0.44,-110.11,19.04,201.54,-0.00,91847495
-1.77,1.50,-0.41,-80.26,5.13,157.47,-0.00,91857245
-1.89,1.47,-0.15,-47.73,-17.76,104.19,-0.00,91867000
-2.03,1.31,-0.03,-24.23,-45.65,51.70,-0.00,91876805
-2.08,1.17,-0.04,13.73,-77.70,-29.36,-0.00,91881478
-1.82,0.98,0.06,31.49,-78.25,-60.85,-0.00,91891258
-1.82,0.98,0.06,44.07,-68.73,-82.95,-0.00,91899883
-1.71,0.87,0.13,44.07,-68.73,-82.95,-0.00,91908511
-1.41,0.78,0.25,54.63,-58.90,-99.55,-0.00,91918271
-1.24,0.63,0.35,63.23,-55.91,-111.51,-0.00,91928059
-1.18,0.48,0.37,86.61,-62.50,-122.31,-0.00,91937851
-1.04,0.35,0.31,91.25,-63.78,-126.46,-0.00,91942548
-1.03,0.14,0.34,102.05,-64.15,-127.81,-0.00,91952363
-0.98,-0.03,0.34,105.16,-61.65,-132.69,-0.00,91962110
-0.98,-0.03,0.34,98.33,-57.56,-139.28,-0.00,91970938
-0.98,-0.14,0.30,98.33,-57.56,-139.28,-0.00,91979602
-1.06,-0.22,0.33,94.12,-47.73,-147.71,-0.00,91989388
-1.06,-0.34,0.32,57.80,-19.35,-161.99,-0.00,91999157
-0.88,-0.36,0.19,29.66,-13.18,-168.52,-0.00,92008961
-0.80,-0.28,0.10,2.01,-9.22,-168.40,-0.00,92013617
-1.68,1.36,-0.80,-159.61,23.01,242.31,-0.00,92576606
-1.68,1.36,-0.80,-159.61,23.01,242.31,-0.00,92584451
-1.67,1.44,-0.88,-157.17,16.42,207.70,-0.00,92594186
-1.56,1.46,-0.87,-143.62,-29.85,123.90,-0.00,92604011
-1.45,1.44,-0.77,-85.51,-53.28,76.78,-0.00,92613803
-1.53,1.35,-0.61,-52.19,-82.21,24.72,-0.00,92618479
-1.56,1.38,-0.51,-11.05,-101.81,-25.82,-0.00,92628113
-1.56,1.38,-0.51,25.88,-104.61,-65.00,-0.00,92636729
-1.64,1.26,-0.38,25.88,-104.61,-65.00,-0.00,92645537
-1.76,1.09,-0.30,45.84,-89.60,-92.90,-0.00,92655268
-1.61,0.91,-0.26,57.92,-28.93,-109.50,-0.00,92665064
-1.32,0.58,-0.16,52.55,-6.53,-109.07,-0.00,92674840
-1.22,0.45,-0.15,46.02,6.65,-114.69,-0.00,92679517
-1.19,0.33,-0.25,53.47,15.56,-122.13,-0.00,92689297
-1.19,0.33,-0.25,62.62,25.63,-129.09,-0.00,92697902
-1.04,0.22,-0.29,62.62,25.63,-129.09,-0.00,92706541
-0.97,0.18,-0.35,73.49,33.81,-153.32,-0.00,92716338
-0.86,0.14,-0.34,89.90,33.57,-145.87,-0.00,92726102
-0.78,-0.09,-0.34,95.40,28.93,-150.63,-0.00,92735929
-0.76,-0.20,-0.35,99.61,28.81,-162.05,-0.00,92740598
-0.73,-0.27,-0.36,100.28,33.39,-172.49,-0.00,92750412
-0.59,-0.29,-0.30,92.77,37.41,-175.72,-0.00,92760102
-0.59,-0.29,-0.30,74.52,37.48,-172.06,-0.00,92768713
-0.43,-0.32,-0.23,56.15,32.29,-167.54,-0.00,92778374
-0.25,-0.18,-0.27,38.39,21.48,-164.73,-0.00,92788166
-0.21,-0.07,-0.26,31.92,12.08,-166.50,-0.00,92797919
-0.16,0.05,-0.25,37.60,5.19,-166.26,-0.00,92807704
-0.12,0.04,-0.27,41.99,-1.40,-164.12,-0.00,92817452
-0.14,0.09,-0.26,55.24,-2.62,-161.32,-0.00,92827227
-0.11,0.06,-0.29,66.41,1.95,-161.62,-0.00,92831914
-0.10,0.05,-0.28,80.44,18.80,-157.59,-0.00,92841747
0.04,0.15,-0.20,88.81,28.81,-151.79,-0.00,92851443
0.04,0.15,-0.20,86.73,35.40,-143.68,-0.00,92860049
0.14,0.06,-0.14,86.73,35.40,-143.68,-0.00,92868869
0.18,0.20,-0.01,84.78,38.27,-130.37,-0.00,92878593
0.25,0.24,0.04,79.65,35.46,-114.14,-0.00,92888376
0.30,0.33,0.13,70.50,29.36,-84.96,-0.00,92898170
0.34,0.35,0.18,63.66,11.11,-76.72,-0.00,92902903
0.45,0.38,0.30,62.99,1.59,-67.99,-0.00,92912637
0.53,0.38,0.31,58.11,-8.79,-60.79,-0.00,92922452
0.53,0.38,0.31,60.24,-17.70,-51.70,-0.00,92931101
0.60,0.43,0.37,60.24,-17.70,-51.70,-0.00,92939871
0.61,0.33,0.40,59.81,-26.79,-40.34,-0.00,92949630
0.58,0.24,0.39,46.02,-41.02,-30.52,-0.00,92959439
0.76,0.19,0.33,34.79,-41.38,-24.41,-0.00,92969223
0.82,0.22,0.30,21.61,-36.68,-16.24,-0.00,92973941
0.93,0.34,0.27,12.33,-32.71,-6.71,-0.00,92983715
0.99,0.45,0.32,12.33,-28.75,7.81,-0.00,92993519
0.99,0.45,0.32,10.19,-24.54,22.71,-0.00,93002113
1.00,0.51,0.36,9.58,-22.58,37.66,-0.00,93011729
1.09,0.65,0.44,8.48,-24.23,54.63,-0.00,93021450
1.04,0.74,0.47,13.43,-26.43,66.28,-0.00,93031252
0.94,0.84,0.46,20.20,-30.33,76.42,-0.00,93041002
0.89,0.90,0.49,23.07,-33.51,91.19,-0.00,93050818
0.86,0.91,0.50,18.92,-34.30,110.17,-0.00,93060603
0.83,0.98,0.47,10.56,-34.24,127.08,-0.00,93065291
0.86,1.07,0.41,1.53,-30.27,158.51,-0.00,93075046
0.79,1.36,0.25,7.08,-25.70,170.29,-0.00,93084833
0.79,1.36,0.25,21.00,-18.19,182.86,-0.00,93093440
0.77,1.37,0.21,21.00,-18.19,182.86,-0.00,93102210
0.65,1.28,0.21,34.00,-10.07,198.61,-0.00,93111996
0.51,1.22,0.22,40.77,-1.34,213.50,-0.00,93121802
0.32,1.23,0.22,43.58,4.46,240.36,-0.00,93131534
0.02,1.28,0.20,44.25,-5.55,257.20,-0.00,93136257
-0.68,1.29,0.20,41.26,-13.67,274.29,-0.00,93146064
-1.06,1.30,0.21,31.80,-21.55,285.95,-0.00,93155854
-1.06,1.30,0.21,17.27,-27.53,296.14,-0.00,93164436
-1.41,1.32,0.21,17.27,-27.53,296.14,-0.00,93173241
-1.73,1.33,0.14,-0.18,-28.08,304.08,-0.00,93182981
-1.97,1.44,0.06,-15.32,-12.70,310.24,-0.00,93192730
-2.19,1.58,-0.05,-12.82,-1.04,313.35,-0.00,93202518
-2.26,1.55,-0.06,-7.14,10.93,313.96,-0.00,93207194
-2.23,1.54,-0.21,-0.06,20.45,307.86,-0.00,93216963
-2.23,1.54,-0.21,11.90,34.12,300.78,-0.00,93225603
-2.36,1.42,-0.40,11.90,34.12,300.78,-0.00,93234221
-2.38,1.43,-0.42,32.10,55.79,286.07,-0.00,93244008
-2.25,1.36,-0.31,41.32,60.55,279.11,-0.00,93253767
-1.89,1.03,-0.04,39.37,57.62,259.77,-0.00,93263562
-1.96,0.78,0.06,31.01,46.81,237.79,-0.00,93268236
-2.11,0.53,0.02,11.66,31.07,201.11,-0.00,93278046
-2.22,0.51,-0.02,-6.59,15.87,154.66,-0.00,93287768
-1.05,0.84,0.89,2.01,-5.19,213.26,-0.00,93844855
-1.23,0.78,0.83,-28.44,-7.08,220.21,-0.00,93854485
-1.36,0.79,0.76,-58.78,-7.26,226.93,-0.00,93864228
-1.36,0.79,0.76,-58.78,-7.26,226.93,-0.00,93872048
-1.63,0.94,0.68,-83.44,-4.46,232.24,-0.00,93881873
-1.74,1.01,0.61,-101.87,2.56,238.28,-0.00,93891653
-1.86,1.06,0.55,-116.03,9.70,252.08,-0.00,93896343
-2.06,1.08,0.50,-145.32,22.71,259.70,-0.00,93906132
-2.05,1.09,0.34,-158.94,25.82,265.50,-0.00,93915927
-2.05,1.09,0.34,-173.83,30.33,264.95,-0.00,93924551
-2.05,1.02,0.25,-173.83,30.33,264.95,-0.00,93933331
-2.13,0.89,0.16,-192.69,34.12,260.50,-0.00,93943088
-2.56,0.77,0.22,-207.76,37.90,247.25,-0.00,93952934
-2.69,0.72,0.34,-238.04,23.74,180.18,-0.00,93962689
-1.92,0.88,0.48,-239.26,-0.61,130.37,-0.00,93967383
-1.63,0.73,0.53,-236.45,-30.03,68.54,-0.00,93977170
-1.32,0.73,0.48,-225.52,-67.08,1.65,-0.00,93986964
-1.32,0.73,0.48,-208.50,-102.36,-62.50,-0.00,93995544
-1.15,0.94,0.55,-208.50,-102.36,-62.50,-0.00,94004346
-1.23,0.81,0.49,-192.57,-141.24,-138.73,-0.00,94014122
-1.25,0.81,0.61,-122.92,-139.59,-159.36,-0.00,94023933
-1.02,0.51,0.57,-86.24,-130.43,-170.53,-0.00,94033730
-0.92,0.30,0.59,-49.80,-126.53,-179.57,-0.00,94038434
-0.82,0.14,0.53,-21.91,-130.68,-186.83,-0.00,94048238
-0.90,0.10,0.46,-7.02,-132.87,-191.77,-0.00,94058022
-0.90,0.10,0.46,-14.16,-123.54,-196.90,-0.00,94066829
-1.02,-0.23,0.14,-26.00,-104.55,-195.92,-0.00,94076536
-1.11,-0.33,0.08,-42.05,-81.97,-186.65,-0.00,94086168
-1.04,-0.38,-0.05,-69.40,-61.83,-179.87,-0.00,94095932
-0.88,-0.25,-0.13,-88.75,-49.38,-172.79,-0.00,94105768
-0.76,-0.11,-0.22,-98.94,-45.35,-165.65,-0.00,94115589
-0.65,-0.01,-0.29,-96.56,-50.05,-162.54,-0.00,94125385
-0.54,0.16,-0.29,-81.60,-72.51,-168.76,-0.00,94135186
-0.42,0.21,-0.29,-21.00,-67.08,-172.49,-0.00,94139906
-0.34,0.18,-0.17,11.23,-64.03,-174.01,-0.00,94149691
-0.31,0.14,-0.10,38.94,-55.66,-170.10,-0.00,94159518
-0.31,0.14,-0.10,55.66,-41.38,-159.55,-0.00,94168140
-0.29,0.13,-0.09,55.66,-41.38,-159.55,-0.00,94176950
-0.30,0.12,-0.07,57.01,-23.80,-148.25,-0.00,94186676
-0.30,0.07,-0.05,33.69,8.42,-115.72,-0.00,94196467
-0.27,0.17,-0.06,11.41,21.97,-103.76,-0.00,94206249
-0.26,0.30,-0.08,-4.03,34.97,-96.80,-0.00,94210966
-0.15,0.41,-0.05,-11.35,44.62,-91.37,-0.00,94220712
-0.15,0.41,-0.05,-13.24,52.73,-86.43,-0.00,94229301
-0.16,0.46,-0.04,-13.24,52.73,-86.43,-0.00,94237945
-0.20,0.57,0.02,-8.30,63.54,-75.38,-0.00,94247656
-0.19,0.59,0.03,13.43,67.14,-72.88,-0.00,94257463
-0.15,0.51,0.10,34.00,73.73,-72.51,-0.00,94267237
-0.13,0.39,0.10,53.41,80.93,-77.27,-0.00,94271927
-0.07,0.40,0.10,77.03,86.79,-85.14,-0.00,94281675
-0.02,0.33,0.11,96.19,92.59,-91.98,-0.00,94291468
-0.02,0.33,0.11,113.16,97.72,-97.78,-0.00,94300087
0.05,0.28,0.20,122.25,99.49,-95.09,-0.00,94309744
0.15,0.11,0.27,121.70,97.72,-93.14,-0.00,94319516
0.18,0.03,0.29,109.38,94.24,-89.72,-0.00,94329308
0.23,0.10,0.30,89.29,87.59,-86.12,-0.00,94339138
0.22,0.14,0.26,62.38,78.55,-78.74,-0.00,94348896
0.26,0.20,0.28,38.09,68.48,-70.19,-0.00,94358695
0.28,0.22,0.25,14.59,58.59,-59.20,-0.00,94368485
0.33,0.27,0.23,-21.61,36.32,-47.73,-0.00,94373153
0.38,0.48,0.13,-33.57,25.51,-42.18,-0.00,94382805
0.38,0.48,0.13,-38.09,17.15,-38.76,-0.00,94391402
0.49,0.62,0.06,-38.09,17.15,-38.76,-0.00,94400198
0.62,0.75,0.02,-35.89,11.41,-35.46,-0.00,94409959
0.71,0.82,0.05,-26.37,6.29,-30.82,-0.00,94419777
0.77,0.84,0.03,-11.11,-4.82,-17.46,-0.00,94429542
0.89,0.85,0.02,-8.36,-10.86,-13.12,-0.00,94434243
1.16,0.85,-0.03,-9.22,-15.38,-5.92,-0.00,94443978
1.19,0.90,0.00,-10.68,-17.58,1.04,-0.00,94453772
1.19,0.90,0.00,-10.44,-18.37,11.17,-0.00,94462403
1.24,0.99,0.07,-10.44,-18.37,11.17,-0.00,94471170
1.31,1.11,0.17,-5.19,-20.14,40.10,-0.00,94480937
1.17,1.15,0.27,12.57,-41.87,60.30,-0.00,94490721
0.92,1.42,0.45,18.07,-57.07,72.33,-0.00,94500461
0.66,1.02,0.45,23.38,-63.96,86.79,-0.00,94505131
0.40,1.19,0.60,13.92,-68.30,99.98,-0.00,94514902
0.40,1.19,0.60,-1.83,-70.43,118.65,-0.00,94523532
0.20,1.12,0.70,-1.83,-70.43,118.65,-0.00,94532145
0.02,1.18,0.59,-30.76,-49.80,157.84,-0.00,94541893
0.50,0.50,0.20,-35.64,-31.86,4.70,-0.00,95102397
0.50,0.50,0.20,-35.64,-31.86,4.70,-0.00,95110233
0.86,0.59,0.19,-17.58,-28.08,12.57,-0.00,95119990
0.97,0.67,0.22,4.76,-24.78,34.00,-0.00,95129780
1.03,0.70,0.29,40.41,-35.34,48.71,-0.00,95134444
1.03,0.68,0.51,49.80,-49.68,63.48,-0.00,95144273
0.89,0.68,0.55,52.06,-68.66,78.31,-0.00,95153963
0.89,0.68,0.55,43.76,-87.16,95.09,-0.00,95162583
0.75,0.66,0.55,43.76,-87.16,95.09,-0.00,95171395
0.51,0.71,0.49,29.36,-99.91,112.43,-0.00,95181145
0.26,0.75,0.43,-9.40,-93.51,148.99,-0.00,95190959
0.04,1.06,0.33,-20.45,-68.85,162.23,-0.00,95200717
0.10,1.31,0.28,-19.29,-50.90,175.90,-0.00,95205432
0.09,1.43,0.25,-3.85,-37.05,187.99,-0.00,95215210
-0.06,1.51,0.32,18.92,-29.17,199.52,-0.00,95224998
-0.06,1.51,0.32,36.93,-23.38,214.42,-0.00,95233587
-0.18,1.48,0.42,41.50,-15.81,234.80,-0.00,95243238
-0.56,1.48,0.48,36.87,-10.56,253.78,-0.00,95252940
-0.95,1.58,0.47,32.65,-11.96,266.24,-0.00,95262752
-1.43,1.57,0.40,22.52,-9.40,279.48,-0.00,95272500
-1.72,1.60,0.28,4.09,2.20,295.10,-0.00,95282254
-1.85,1.67,0.14,-10.74,19.71,305.24,-0.00,95292016
-1.93,1.78,0.05,-11.72,38.82,308.96,-0.00,95296730
-1.96,1.78,-0.02,-7.39,79.96,302.49,-0.00,95306504
-1.91,1.77,-0.14,2.14,97.11,299.44,-0.00,95316301
-1.94,1.71,-0.20,6.47,105.16,296.14,-0.00,95325918
-1.94,1.71,-0.20,6.47,105.16,296.14,-0.00,95333737
-1.85,1.71,-0.19,8.42,102.84,291.08,-0.00,95343484
-1.89,1.70,-0.26,-1.77,101.75,290.65,-0.00,95353319
-2.00,1.52,-0.29,-19.47,104.13,289.06,-0.00,95363105
-2.09,1.27,-0.18,-42.24,103.09,257.75,-0.00,95367810
-1.95,1.16,0.01,-41.56,89.05,218.99,-0.00,95377586
-2.06,1.00,0.07,-41.81,70.07,183.29,-0.00,95387371
-2.06,1.00,0.07,-40.22,50.78,140.93,-0.00,95396173
-2.13,0.87,0.06,-40.22,50.78,140.93,-0.00,95404867
-1.97,0.85,0.05,-38.45,29.91,87.83,-0.00,95414667
-1.76,0.94,0.09,-44.68,-19.47,-0.67,-0.00,95424413
-1.81,1.00,0.08,-37.41,-35.58,-39.00,-0.00,95434186
-1.64,1.08,0.16,-22.58,-39.25,-77.27,-0.00,95438886
-1.46,1.07,0.26,-9.34,-30.70,-103.15,-0.00,95448696
-1.23,0.77,0.38,6.29,-19.10,-117.61,-0.00,95458393
-1.23,0.77,0.38,28.69,-14.89,-121.89,-0.00,95467003
-1.01,0.46,0.49,53.04,-21.12,-127.44,-0.00,95476659
-0.92,0.20,0.50,66.41,-35.95,-136.66,-0.00,95486332
-0.96,0.11,0.53,67.75,-47.73,-146.55,-0.00,95496143
-1.00,0.03,0.53,61.46,-50.11,-161.56,-0.00,95505911
-0.97,-0.05,0.54,58.47,-47.24,-169.49,-0.00,95515709
-1.03,-0.15,0.57,59.88,-46.45,-167.18,-0.00,95525496
-1.08,-0.29,0.55,54.69,-44.98,-164.86,-0.00,95530202
-1.23,-0.31,0.55,51.33,-23.74,-163.45,-0.00,95540031
-1.29,-0.30,0.52,35.22,-2.75,-160.03,-0.00,95549716
-1.33,-0.15,0.34,24.35,21.18,-153.75,-0.00,95559345
-1.33,-0.15,0.34,24.35,21.18,-153.75,-0.00,95567194
-1.42,-0.10,0.22,10.80,41.63,-152.65,-0.00,95576949
-1.33,-0.05,0.15,8.24,56.03,-154.91,-0.00,95586731
-0.77,0.15,0.09,18.74,72.69,-161.68,-0.00,95596532
-1.15,-0.09,0.19,147.52,97.60,-166.93,-0.00,95601237
-0.82,-0.63,0.18,127.20,103.27,-148.32,-0.00,95611085
-0.43,-0.54,0.20,97.90,83.07,-137.45,-0.00,95620781
-0.43,-0.54,0.20,83.86,54.87,-156.07,-0.00,95629406
-0.34,-0.50,0.23,83.86,54.87,-156.07,-0.00,95638215
-0.30,-0.41,0.16,92.22,35.77,-174.93,-0.00,95647968
-0.16,-0.32,0.05,108.89,30.21,-178.16,-0.00,95657805
-0.15,-0.24,0.05,114.26,42.48,-164.43,-0.00,95667593
-0.16,-0.32,0.16,110.60,58.96,-147.89,-0.00,95672279
-0.07,-0.39,0.22,96.74,76.90,-138.55,-0.00,95682121
0.14,-0.38,0.32,94.85,92.59,-139.53,-0.00,95691837
0.14,-0.38,0.32,98.82,98.39,-140.93,-0.00,95700435
0.23,-0.38,0.39,95.15,92.71,-143.13,-0.00,95710056
0.45,-0.54,0.41,88.01,89.29,-149.78,-0.00,95719784
0.56,-0.44,0.42,81.85,85.14,-155.82,-0.00,95729596
0.63,-0.22,0.37,67.99,76.90,-159.42,-0.00,95739330
0.65,-0.05,0.37,57.43,71.84,-150.94,-0.00,95749121
0.63,-0.06,0.35,46.08,66.35,-132.20,-0.00,95758906
0.61,0.01,0.37,34.73,57.31,-111.63,-0.00,95763591
0.63,0.05,0.37,26.00,45.53,-80.38,-0.00,95773340
0.68,0.14,0.38,14.40,19.59,-71.66,-0.00,95783146
0.81,0.30,0.45,7.02,3.17,-58.41,-0.00,95792729
0.81,0.30,0.45,7.02,3.17,-58.41,-0.00,95800504
0.89,0.34,0.49,-0.49,-14.53,-44.98,-0.00,95810280
0.93,0.45,0.48,-7.87,-32.84,-33.26,-0.00,95820065
-0.31,0.33,-0.55,16.05,-5.25,-137.82,-0.00,96381440
-0.27,0.31,-0.52,16.05,-5.25,-137.82,-0.00,96390219
-0.18,0.28,-0.45,33.20,17.70,-129.76,-0.00,96394918
-0.14,0.22,-0.34,42.05,27.10,-126.95,-0.00,96404703
-0.10,0.14,-0.27,39.98,34.73,-125.92,-0.00,96414477
-0.09,0.03,-0.35,28.63,36.62,-127.56,-0.00,96424048
-0.09,0.03,-0.35,28.63,36.62,-127.56,-0.00,96431883
-0.05,0.07,-0.41,19.71,42.91,-127.50,-0.00,96441647
-0.00,0.07,-0.49,14.59,51.70,-123.66,-0.00,96451443
0.06,0.10,-0.53,20.32,62.87,-120.24,-0.00,96461218
0.06,0.09,-0.59,55.54,89.23,-114.93,-0.00,96465940
0.11,0.16,-0.62,83.25,100.16,-108.76,-0.00,96475761
0.35,0.20,-0.55,111.88,110.78,-102.97,-0.00,96485516
0.35,0.20,-0.55,138.43,118.90,-98.69,-0.00,96494348
0.40,0.18,-0.47,138.43,118.90,-98.69,-0.00,96503011
0.43,0.14,-0.41,162.90,122.25,-92.53,-0.00,96512801
0.51,0.07,-0.34,183.53,119.45,-76.11,-0.00,96522561
0.56,-0.02,-0.24,191.96,98.14,-67.26,-0.00,96532364
0.67,-0.26,0.06,173.03,79.53,-61.58,-0.00,96537036
0.71,-0.31,0.22,138.92,56.34,-57.68,-0.00,96546843
0.73,-0.22,0.29,88.26,28.69,-45.72,-0.00,96556528
0.73,-0.22,0.29,33.94,-1.34,-32.59,-0.00,96565146
0.67,-0.00,0.26,33.94,-1.34,-32.59,-0.00,96573932
0.55,0.31,0.11,-38.70,-45.04,-7.81,-0.00,96583645
0.39,0.79,-0.08,-51.82,-51.57,4.39,-0.00,96593452
0.38,0.97,-0.13,-51.64,-50.35,15.93,-0.00,96603244
0.43,1.07,-0.24,-42.66,-45.65,26.86,-0.00,96607943
0.52,1.16,-0.27,-27.34,-39.37,34.36,-0.00,96617702
0.52,1.16,-0.27,-11.11,-31.92,39.92,-0.00,96626307
0.59,1.25,-0.33,2.56,-25.88,48.83,-0.00,96635935
0.59,1.23,-0.29,5.86,-16.54,63.11,-0.00,96645556
0.60,1.34,-0.29,7.51,-8.36,73.00,-0.00,96655242
0.70,1.45,-0.25,10.99,-5.31,76.35,-0.00,96664995
0.82,1.53,-0.30,16.97,-3.72,78.92,-0.00,96674733
0.95,1.55,0.02,18.49,-6.71,83.19,-0.00,96684506
1.12,1.37,0.10,18.62,-18.07,88.75,-0.00,96689227
1.03,1.52,0.16,10.80,-37.54,104.80,-0.00,96699011
0.84,1.42,0.03,2.01,-69.09,111.39,-0.00,96708813
0.39,1.46,-0.05,6.47,-74.04,121.64,-0.00,96718407
0.39,1.46,-0.05,6.47,-74.04,121.64,-0.00,96726227
0.23,1.63,0.04,13.98,-74.28,138.37,-0.00,96735978
-0.05,1.58,0.01,28.81,-74.34,154.05,-0.00,96745820
-0.28,1.57,0.08,41.75,-71.78,165.28,-0.00,96755602
-0.51,1.58,0.04,63.42,-58.53,181.21,-0.00,96760301
-1.03,1.58,0.05,67.75,-44.86,198.67,-0.00,96770076
-1.31,1.46,0.03,73.43,-30.52,219.06,-0.00,96779858
-1.31,1.46,0.03,83.62,-13.31,236.02,-0.00,96788470
-1.45,1.66,0.13,83.62,-13.31,236.02,-0.00,96797281
-1.65,1.55,0.04,99.67,5.92,245.48,-0.00,96807032
-1.74,1.64,0.01,114.69,46.20,250.85,-0.00,96816870
-1.93,1.41,0.05,132.20,64.27,254.52,-0.00,96826656
-1.99,1.20,0.05,127.08,78.43,256.41,-0.00,96831353
-2.04,1.19,0.14,110.72,92.29,258.79,-0.00,96841110
-2.02,1.16,0.23,92.90,100.77,251.59,-0.00,96850911
-2.02,1.16,0.23,78.12,106.45,240.72,-0.00,96859546
-1.87,0.96,0.32,78.12,106.45,240.72,-0.00,96868361
-1.94,0.87,0.50,50.78,98.33,192.63,-0.00,96878111
-1.58,0.76,0.65,27.65,83.80,153.32,-0.00,96887936
-1.47,0.71,0.65,0.49,59.20,117.49,-0.00,96897699
-1.41,0.73,0.52,-29.48,33.69,84.53,-0.00,96902397
-1.39,0.88,0.36,-53.59,8.97,56.03,-0.00,96912176
-1.40,0.90,0.21,-71.78,-13.67,31.68,-0.00,96921956
-1.18,0.94,0.14,-79.35,-32.78,1.22,-0.00,96931557
-1.10,0.97,0.09,-77.51,-48.77,-60.06,-0.00,96941300
-1.25,0.88,0.09,-71.17,-71.59,-78.92,-0.00,96951117
-1.30,0.78,0.09,-71.17,-71.59,-78.92,-0.00,96959786
-1.28,0.64,0.09,-70.31,-74.71,-96.07,-0.00,96969558
-1.33,0.52,0.02,-71.04,-70.37,-106.02,-0.00,96979314
-1.25,0.43,0.02,-67.26,-62.74,-117.61,-0.00,96989114
-1.22,0.34,-0.03,-46.39,-39.73,-141.11,-0.00,96993811
-1.15,0.16,-0.12,-31.43,-27.22,-152.04,-0.00,97003636
-1.06,0.10,-0.13,-8.67,-15.26,-161.62,-0.00,97013309
-1.06,0.10,-0.13,15.50,-9.52,-168.95,-0.00,97021928
-0.97,0.02,-0.14,15.50,-9.52,-168.95,-0.00,97030726
-0.94,-0.08,-0.13,33.39,-11.78,-177.06,-0.00,97040484
-0.94,-0.24,-0.13,47.00,-16.17,-190.43,-0.00,97050327
-0.93,-0.36,-0.16,57.13,-20.63,-199.40,-0.00,97060114
-0.77,-0.47,-0.22,52.80,-19.71,-202.88,-0.00,97064819
-0.63,-0.48,-0.22,41.38,-17.52,-202.03,-0.00,97074605
-0.53,-0.41,-0.18,35.22,-12.94,-195.50,-0.00,97084391
-0.61,-0.30,0.57,85.75,-51.33,-155.58,-0.00,97646565
-0.85,-0.30,0.53,85.75,-51.33,-155.58,-0.00,97655365
-0.87,-0.26,0.53,56.82,-59.20,-185.49,-0.00,97665161
-0.80,-0.29,0.57,53.65,-57.07,-194.64,-0.00,97669892
-0.94,-0.47,0.58,45.96,-50.23,-198.24,-0.00,97679699
-1.04,-0.54,0.51,40.16,-37.17,-195.74,-0.00,97689453
-1.04,-0.54,0.51,32.59,-24.90,-192.75,-0.00,97698072
-1.11,-0.53,0.40,32.59,-24.90,-192.75,-0.00,97706888
-1.16,-0.42,0.27,19.96,-12.02,-179.75,-0.00,97716614
-1.17,-0.28,0.08,-9.16,16.91,-169.43,-0.00,97726394
-1.10,-0.10,0.06,-9.70,32.96,-161.87,-0.00,97736173
-1.03,-0.10,0.03,-2.56,45.23,-157.47,-0.00,97740855
-1.02,-0.18,0.01,8.18,47.49,-159.18,-0.00,97750637
-1.02,-0.18,0.01,18.07,44.68,-165.34,-0.00,97759246
-0.94,-0.40,0.03,18.07,44.68,-165.34,-0.00,97767907
-0.83,-0.46,0.03,48.10,35.28,-171.14,-0.00,97777688
-0.72,-0.43,0.00,56.34,31.68,-178.16,-0.00,97787437
-0.40,-0.32,0.00,64.27,31.37,-180.54,-0.00,97797226
-0.31,-0.29,-0.02,68.54,34.79,-175.42,-0.00,97801910
-0.24,-0.25,-0.06,70.19,40.16,-172.06,-0.00,97811752
-0.08,-0.26,-0.07,75.74,44.80,-177.25,-0.00,97821432
-0.08,-0.26,-0.07,86.18,52.49,-178.83,-0.00,97830064
0.09,-0.26,-0.00,98.82,61.40,-178.83,-0.00,97839693
0.15,-0.24,0.06,111.69,67.87,-178.89,-0.00,97849389
0.13,-0.32,0.11,121.89,72.69,-177.43,-0.00,97859229
0.29,-0.41,0.18,130.92,71.72,-168.21,-0.00,97869023
0.40,-0.47,0.24,128.54,67.81,-158.20,-0.00,97878788
0.42,-0.46,0.33,116.46,63.42,-143.43,-0.00,97888586
0.53,-0.41,0.39,93.81,54.69,-97.78,-0.00,97893273
0.63,-0.34,0.49,32.10,28.14,-83.62,-0.00,97903110
0.66,-0.11,0.55,6.90,12.57,-75.50,-0.00,97912794
0.66,-0.11,0.55,-9.09,-1.95,-69.15,-0.00,97921425
0.67,-0.01,0.58,-9.09,-1.95,-69.15,-0.00,97930207
0.64,0.05,0.61,-17.52,-13.61,-58.96,-0.00,97939953
0.63,0.08,0.68,-22.52,-23.13,-50.05,-0.00,97949760
0.64,0.17,0.71,-25.21,-44.13,-33.20,-0.00,97959572
0.84,0.37,0.64,-26.00,-47.42,-25.15,-0.00,97964248
0.89,0.45,0.73,-29.11,-47.61,-12.45,-0.00,97974025
0.89,0.45,0.73,-28.44,-47.42,3.66,-0.00,97982647
0.93,0.35,0.76,-28.44,-47.42,3.66,-0.00,97991293
0.91,0.33,0.71,-29.97,-47.97,18.43,-0.00,98001021
0.94,0.43,0.73,-28.81,-47.73,42.91,-0.00,98010815
0.89,0.50,0.77,-25.15,-48.22,51.03,-0.00,98020590
0.81,0.64,0.68,-20.51,-49.62,65.98,-0.00,98025297
0.79,0.72,0.73,-14.28,-49.01,78.37,-0.00,98035088
0.67,0.77,0.74,-9.77,-49.87,89.84,-0.00,98044867
0.67,0.77,0.74,-9.09,-51.21,100.65,-0.00,98053482
0.62,0.89,0.76,-9.09,-51.21,100.65,-0.00,98062287
0.52,1.00,0.73,-16.72,-49.56,133.06,-0.00,98072064
0.34,1.00,0.71,-13.79,-49.68,143.19,-0.00,98081902
0.21,1.02,0.77,-11.17,-50.90,151.73,-0.00,98091684
0.08,1.06,0.78,-11.60,-50.60,161.62,-0.00,98096381
-0.10,1.14,0.81,-15.01,-47.73,171.08,-0.00,98106191
-0.28,1.23,0.82,-17.94,-42.66,181.52,-0.00,98115977
-0.28,1.23,0.82,-16.05,-36.87,195.50,-0.00,98124597
-0.67,1.40,0.77,-9.16,-27.89,211.61,-0.00,98134227
-0.95,1.44,0.74,1.40,-19.47,226.81,-0.00,98143936
-1.24,1.47,0.74,12.21,-14.65,240.66,-0.00,98153716
-1.50,1.42,0.76,20.14,-10.50,247.86,-0.00,98163462
-1.72,1.37,0.78,19.59,-5.43,255.07,-0.00,98173237
-1.90,1.34,0.77,13.79,1.83,263.18,-0.00,98183010
-1.97,1.33,0.77,7.87,7.81,270.57,-0.00,98187680
-1.95,1.33,0.79,-18.62,21.36,270.39,-0.00,98197468
-2.21,1.30,0.90,-38.39,26.73,271.24,-0.00,98207110
-2.21,1.30,0.90,-64.45,27.47,275.02,-0.00,98215949
-2.22,1.20,0.86,-64.45,27.47,275.02,-0.00,98224742
-2.26,1.04,0.66,-99.12,22.83,281.62,-0.00,98234536
-2.41,0.92,0.55,-145.32,19.53,290.34,-0.00,98244330
-2.60,0.66,0.55,-245.30,18.80,273.44,-0.00,98254110
-2.76,0.65,0.72,-281.56,3.72,220.89,-0.00,98258791
-2.25,0.77,0.50,-305.85,-30.33,162.66,-0.00,98268575
-2.25,0.77,0.50,-312.50,-67.44,108.70,-0.00,98277201
-1.61,1.01,0.31,-312.50,-67.44,108.70,-0.00,98285860
-1.27,1.20,0.19,-296.75,-104.37,50.29,-0.00,98295653
-1.22,1.26,0.07,-265.81,-174.50,-67.93,-0.00,98305411
-1.44,1.14,0.09,-149.05,-179.93,-114.20,-0.00,98315216
-1.71,0.85,0.27,-97.47,-158.33,-140.99,-0.00,98319892
-1.50,0.58,0.35,-56.70,-133.18,-157.41,-0.00,98329733
-1.24,0.30,0.34,-28.81,-114.99,-168.27,-0.00,98339431
-2.12,1.64,-0.05,-10.74,-3.78,271.97,-0.00,98896527
-2.12,1.73,-0.15,-8.18,57.31,287.48,-0.00,98906168
-2.12,1.69,-0.15,3.48,76.54,294.74,-0.00,98915954
-2.08,1.61,-0.15,-10.93,96.56,295.59,-0.00,98925703
-2.34,1.51,-0.16,-10.93,96.56,295.59,-0.00,98934507
-2.35,1.54,-0.15,-28.75,104.25,289.25,-0.00,98944275
-2.02,1.48,-0.10,-41.99,99.85,287.29,-0.00,98954094
-2.10,1.30,0.06,-38.76,77.94,233.76,-0.00,98963880
-1.63,1.19,0.31,-28.99,53.83,178.83,-0.00,98968584
-1.51,1.02,0.31,-16.72,24.35,120.30,-0.00,98978373
-1.63,0.97,0.29,-1.77,-7.20,67.20,-0.00,98988137
-1.63,0.97,0.29,1.16,-34.30,17.03,-0.00,98996729
-1.30,0.93,0.11,1.16,-34.30,17.03,-0.00,99005531
-1.36,0.98,0.10,-19.59,-48.03,-56.70,-0.00,99015290
-1.40,0.85,0.08,-28.93,-43.46,-77.76,-0.00,99025036
-1.27,0.88,0.06,-30.76,-38.02,-90.82,-0.00,99034843
-1.20,0.77,0.01,-30.76,-31.49,-99.67,-0.00,99039515
-1.18,0.64,-0.05,-30.33,-22.83,-106.99,-0.00,99049299
-1.18,0.64,-0.05,-26.98,-14.77,-116.82,-0.00,99057903
-1.13,0.54,-0.04,-26.98,-14.77,-116.82,-0.00,99066559
-1.03,0.40,-0.07,-11.35,-3.91,-135.56,-0.00,99076303
-0.96,0.18,-0.08,2.56,-4.94,-139.95,-0.00,99086048
-0.93,0.06,-0.15,10.74,-7.32,-145.63,-0.00,99095836
-0.95,-0.10,-0.21,14.71,-14.10,-155.64,-0.00,99100539
-0.97,-0.21,-0.25,21.24,-17.82,-165.59,-0.00,99110346
-1.04,-0.30,-0.28,23.44,-12.63,-173.34,-0.00,99120115
-0.99,-0.43,-0.28,18.55,-6.77,-182.98,-0.00,99129726
-0.94,-0.59,-0.27,8.12,0.24,-189.82,-0.00,99139445
-0.86,-0.69,-0.25,-35.34,2.14,-182.86,-0.00,99149251
-0.77,-0.75,-0.29,-35.34,2.14,-182.86,-0.00,99157912
-0.59,-0.63,-0.32,-57.01,-2.62,-182.01,-0.00,99167665
-0.42,-0.54,-0.34,-75.87,-8.73,-184.33,-0.00,99177449
-0.24,-0.35,-0.43,-82.58,-14.77,-185.73,-0.00,99187251
-0.04,-0.23,-0.58,-61.22,-24.23,-197.27,-0.00,99191945
0.09,-0.01,-0.71,-34.42,-25.88,-203.37,-0.00,99201771
0.32,-0.01,-0.69,1.83,-24.54,-208.56,-0.00,99211487
0.32,-0.01,-0.69,39.18,-21.79,-211.06,-0.00,99220300
0.37,0.06,-0.61,39.18,-21.79,-211.06,-0.00,99228971
0.39,-0.00,-0.56,65.73,-17.88,-204.16,-0.00,99238763
0.37,-0.01,-0.46,88.87,-11.78,-164.43,-0.00,99248484
0.44,0.01,-0.30,99.30,-8.48,-140.26,-0.00,99258252
0.43,-0.12,0.04,92.71,-15.69,-119.02,-0.00,99262954
0.46,-0.11,0.21,83.62,-25.39,-99.61,-0.00,99272734
0.50,0.03,0.30,69.52,-35.58,-80.99,-0.00,99282503
0.50,0.03,0.30,55.05,-45.41,-65.49,-0.00,99291139
0.52,0.15,0.32,55.05,-45.41,-65.49,-0.00,99299948
0.56,0.24,0.30,31.01,-51.82,-27.04,-0.00,99309667
0.59,0.22,0.29,24.72,-45.65,-10.50,-0.00,99319460
0.69,0.25,0.34,25.88,-38.02,1.59,-0.00,99329222
0.83,0.30,0.33,31.56,-31.68,12.27,-0.00,99333889
1.02,0.40,0.32,41.81,-28.26,23.50,-0.00,99343662
1.02,0.40,0.32,54.75,-28.63,34.67,-0.00,99352290
1.15,0.42,0.34,66.35,-30.94,47.42,-0.00,99361943
1.25,0.43,0.49,73.49,-35.89,60.18,-0.00,99371589
1.14,0.43,0.64,71.47,-43.03,73.85,-0.00,99381357
1.09,0.50,0.74,55.85,-57.25,87.89,-0.00,99391156
0.94,0.62,0.76,40.47,-74.10,103.58,-0.00,99400925
0.76,0.77,0.77,29.91,-92.22,120.48,-0.00,99410706
0.53,0.92,0.70,22.03,-99.85,141.05,-0.00,99420558
0.32,1.06,0.64,16.97,-79.77,185.12,-0.00,99425224
0.08,1.19,0.53,15.01,-70.98,204.83,-0.00,99435037
-0.27,1.37,0.45,21.97,-61.95,221.44,-0.00,99444652
-0.27,1.37,0.45,23.19,-54.32,241.82,-0.00,99453490
-0.52,1.32,0.47,23.19,-54.32,241.82,-0.00,99462319
-0.84,1.35,0.50,15.38,-45.17,262.57,-0.00,99472094
-1.25,1.47,0.50,3.23,-32.35,279.30,-0.00,99481865
-1.60,1.66,0.49,-17.76,-9.77,303.10,-0.00,99491645
-2.11,1.91,0.28,-22.16,6.47,312.56,-0.00,99496327
-2.28,1.97,0.16,-23.86,24.48,320.98,-0.00,99506108
-2.28,1.97,0.16,-24.41,41.50,323.43,-0.00,99514722
-2.33,2.01,0.04,-24.41,41.50,323.43,-0.00,99523358
-2.30,2.06,-0.08,-21.97,64.45,321.53,-0.00,99533086
-2.15,2.01,-0.14,-14.10,111.27,311.77,-0.00,99542885
-2.24,1.98,-0.21,6.96,130.68,300.60,-0.00,99552657
-2.37,1.91,-0.30,17.58,146.36,291.20,-0.00,99557343
-2.45,1.81,-0.31,14.53,154.85,288.51,-0.00,99567107
-2.36,1.65,-0.26,10.44,153.44,284.12,-0.00,99576893
-2.36,1.65,-0.26,8.61,152.04,270.94,-0.00,99585509
-2.42,1.53,-0.13,8.61,152.04,270.94,-0.00,99594273
-2.34,1.40,-0.06,22.58,130.74,187.13,-0.00,99604058
0.04,1.34,0.55,-5.92,-61.34,141.24,-0.00,100161104
-0.05,1.35,0.64,7.51,-57.74,156.25,-0.00,100170846
-0.05,1.35,0.64,7.51,-57.74,156.25,-0.00,100178671
-0.28,1.25,0.68,13.73,-55.11,171.81,-0.00,100188514
-0.51,1.19,0.71,18.19,-53.59,184.45,-0.00,100198294
-0.79,1.19,0.73,20.32,-52.61,197.14,-0.00,100203009
-1.06,1.20,0.74,23.01,-48.52,221.31,-0.00,100212831
-1.33,1.14,0.78,26.61,-39.61,233.70,-0.00,100222594
-1.77,1.15,0.91,24.54,-29.36,243.90,-0.00,100232399
-1.77,1.15,0.91,24.54,-29.36,243.90,-0.00,100240073
-1.88,1.14,0.94,23.13,-19.78,251.83,-0.00,100249861
-1.91,1.15,0.93,18.86,-10.31,256.84,-0.00,100259615
-2.06,1.15,0.92,7.69,0.55,260.13,-0.00,100269386
-2.36,1.14,0.93,-30.03,24.72,276.67,-0.00,100274085
-2.46,0.83,0.83,-52.55,35.83,277.22,-0.00,100283927
-2.09,0.76,0.81,-81.73,41.08,266.11,-0.00,100293601
-2.09,0.76,0.81,-124.33,42.30,255.62,-0.00,100302235
-2.45,0.75,0.83,-124.33,42.30,255.62,-0.00,100311050
-2.67,0.75,0.91,-170.04,40.89,238.71,-0.00,100320780
-2.76,0.81,0.99,-234.56,15.08,175.96,-0.00,100330576
-2.57,0.95,0.86,-247.31,-8.85,117.37,-0.00,100340364
-1.50,1.08,0.76,-247.74,-38.51,50.78,-0.00,100345093
-1.46,1.02,0.54,-244.32,-71.90,-8.48,-0.00,100354843
-1.34,0.99,0.40,-225.46,-106.75,-70.50,-0.00,100364688
-1.34,0.99,0.40,-185.67,-136.96,-127.50,-0.00,100373329
-1.29,0.93,0.32,-136.96,-149.96,-159.48,-0.00,100382957
-1.51,0.54,0.32,-96.25,-139.95,-172.73,-0.00,100392675
-1.19,0.33,0.33,-67.87,-123.60,-185.91,-0.00,100402493
-1.03,-0.05,0.35,-53.77,-121.70,-200.20,-0.00,100412227
-0.90,-0.38,0.34,-63.90,-130.62,-208.80,-0.00,100422049
-0.79,-0.56,0.25,-85.33,-140.93,-215.21,-0.00,100431839
-0.74,-0.69,0.17,-112.18,-147.09,-218.32,-0.00,100436540
-0.58,-0.67,0.05,-136.66,-149.35,-222.11,-0.00,100446395
-0.48,-0.71,-0.07,-177.06,-156.07,-217.71,-0.00,100456093
-0.57,-0.50,-0.20,-192.26,-150.63,-212.65,-0.00,100465894
-0.57,-0.50,-0.20,-192.26,-150.63,-212.65,-0.00,100473596
-0.55,-0.32,-0.26,-202.58,-139.71,-206.24,-0.00,100483403
-0.52,-0.21,-0.34,-209.59,-128.72,-198.49,-0.00,100493174
-0.51,-0.06,-0.43,-208.25,-117.80,-188.66,-0.00,100502999
-0.53,0.11,-0.46,-177.31,-99.18,-173.58,-0.00,100512809
-0.57,0.26,-0.46,-153.20,-89.42,-175.72,-0.00,100517489
-0.58,0.26,-0.48,-125.73,-78.55,-174.99,-0.00,100527130
-0.58,0.26,-0.48,-93.20,-64.33,-175.84,-0.00,100535748
-0.47,0.29,-0.46,-93.20,-64.33,-175.84,-0.00,100544572
-0.37,0.21,-0.46,-63.72,-50.29,-173.40,-0.00,100554336
-0.29,0.17,-0.44,-25.57,-27.28,-164.73,-0.00,100564158
-0.27,0.17,-0.43,-5.55,-16.97,-162.72,-0.00,100573911
-0.29,0.15,-0.40,11.05,-5.13,-158.26,-0.00,100578615
-0.22,0.12,-0.46,28.14,9.46,-152.89,-0.00,100588396
-0.18,0.13,-0.49,42.11,24.48,-146.30,-0.00,100598178
-0.18,0.13,-0.49,50.54,37.60,-139.16,-0.00,100606771
-0.10,0.08,-0.50,50.54,37.60,-139.16,-0.00,100615575
0.04,0.05,-0.47,61.16,57.80,-127.32,-0.00,100625320
0.23,-0.05,-0.43,65.06,62.19,-127.50,-0.00,100635089
0.30,-0.09,-0.42,76.29,65.98,-130.68,-0.00,100644872
0.44,-0.12,-0.40,89.54,70.80,-135.31,-0.00,100649555
0.49,-0.03,-0.31,101.75,74.40,-135.68,-0.00,100659339
0.49,-0.03,-0.31,107.06,73.91,-123.60,-0.00,100667948
0.55,-0.06,-0.17,106.38,73.06,-106.87,-0.00,100677604
0.49,0.15,-0.12,102.54,70.86,-87.40,-0.00,100687229
0.44,0.13,-0.07,95.15,66.89,-67.50,-0.00,100696939
0.46,0.22,-0.02,87.71,63.17,-50.72,-0.00,100706720
0.50,0.19,-0.05,78.12,59.02,-37.60,-0.00,100716506
0.53,0.25,0.01,63.17,55.66,-24.35,-0.00,100726312
0.55,0.34,0.08,42.18,50.48,-12.15,-0.00,100730976
0.58,0.42,0.06,8.67,33.08,6.47,-0.00,100740750
0.62,0.45,0.02,-0.18,22.89,10.99,-0.00,100750453
0.66,0.62,0.01,-12.33,13.06,13.67,-0.00,100760078
0.66,0.62,0.01,-12.33,13.06,13.67,-0.00,100767901
0.67,0.76,-0.02,-22.64,4.76,18.13,-0.00,100777642
0.75,0.86,-0.10,-27.40,-2.01,22.28,-0.00,100787459
0.80,0.96,-0.11,-24.90,-7.39,24.72,-0.00,100797239
0.92,0.93,-0.17,-15.01,-17.88,28.32,-0.00,100801962
1.06,1.01,-0.12,-5.07,-23.62,28.81,-0.00,100811729
1.10,1.00,-0.15,7.45,-27.65,31.25,-0.00,100821532
1.10,1.00,-0.15,17.76,-30.27,38.76,-0.00,100830166
1.10,0.95,-0.03,17.76,-30.27,38.76,-0.00,100838969
1.03,0.17,-0.13,61.28,22.03,-1.28,-0.00,101395965
1.33,0.14,-0.11,58.04,15.69,8.54,-0.00,101405633
1.49,0.18,-0.07,53.28,8.30,19.41,-0.00,101415301
1.50,0.25,-0.06,45.17,-15.44,41.56,-0.00,101424909
1.71,0.30,-0.02,45.17,-15.44,41.56,-0.00,101433714
1.63,0.39,-0.03,41.87,-30.15,52.92,-0.00,101443477
1.60,0.53,0.06,41.02,-48.34,65.55,-0.00,101453226
1.46,0.62,0.06,37.96,-74.28,83.13,-0.00,101457927
1.13,0.71,0.10,34.97,-118.59,116.21,-0.00,101467720
1.08,0.83,0.10,17.58,-128.17,134.28,-0.00,101477523
0.71,1.01,0.16,14.40,-128.72,150.82,-0.00,101487107
0.71,1.01,0.16,14.40,-128.72,150.82,-0.00,101494938
0.49,1.11,0.23,11.66,-121.77,170.78,-0.00,101504708
0.24,1.29,0.28,11.96,-111.57,194.70,-0.00,101514550
-0.09,1.49,0.29,21.06,-100.95,222.72,-0.00,101524334
-0.38,1.58,0.23,58.53,-70.98,281.01,-0.00,101529030
-1.38,1.51,0.36,75.32,-57.31,303.65,-0.00,101538826
-1.72,1.46,0.37,76.90,-38.27,319.76,-0.00,101548620
-1.72,1.46,0.37,61.28,-19.71,332.52,-0.00,101557432
-2.03,1.56,0.41,61.28,-19.71,332.52,-0.00,101566131
-2.33,1.60,0.40,37.05,-5.31,342.04,-0.00,101575914
-2.54,1.69,0.30,-6.71,32.10,342.90,-0.00,101585667
-2.55,1.73,0.05,-9.34,50.23,333.19,-0.00,101595459
-2.47,1.78,0.03,-6.35,66.22,321.11,-0.00,101600144
-2.51,1.87,-0.05,-8.24,81.91,312.38,-0.00,101609995
-2.41,1.81,-0.25,-13.85,95.15,307.68,-0.00,101619713
-2.41,1.81,-0.25,-21.97,106.81,301.64,-0.00,101628336
-2.50,1.83,-0.40,-37.17,114.26,295.84,-0.00,101637993
-2.78,1.57,-0.68,-55.30,122.50,290.65,-0.00,101647676
-3.00,1.58,-0.77,-64.82,139.89,264.16,-0.00,101657506
-3.00,1.74,-0.61,-47.55,153.26,221.92,-0.00,101667266
-2.74,1.90,-0.46,-21.67,164.73,163.27,-0.00,101677046
-2.28,1.88,-0.07,2.62,170.35,95.40,-0.00,101686833
-2.03,1.46,0.22,13.61,161.25,33.26,-0.00,101691542
-1.59,1.19,0.28,20.02,127.93,-45.23,-0.00,101701319
-1.41,0.95,0.19,61.22,120.91,-61.46,-0.00,101711114
-0.96,0.44,0.24,81.48,110.11,-85.02,-0.00,101720732
-0.96,0.44,0.24,81.48,110.11,-85.02,-0.00,101728558
-0.89,0.24,0.21,80.93,92.90,-105.53,-0.00,101738289
-0.71,0.31,0.19,64.76,69.46,-113.83,-0.00,101748129
-0.33,-0.10,0.13,32.41,33.26,-118.47,-0.00,101757916
-0.37,-0.08,0.18,49.19,-31.49,-148.86,-0.00,101762632
-0.48,-0.03,0.25,63.60,-64.51,-164.92,-0.00,101772420
-0.60,-0.20,0.25,75.50,-90.03,-185.36,-0.00,101782195
-0.60,-0.20,0.25,102.54,-95.34,-200.20,-0.00,101790794
-0.84,-0.17,0.27,102.54,-95.34,-200.20,-0.00,101799599
-1.10,-0.13,0.32,129.46,-90.21,-206.97,-0.00,101809368
-1.26,-0.05,0.35,182.31,-61.28,-206.36,-0.00,101819216
-1.41,-0.01,0.21,209.17,-38.57,-185.67,-0.00,101829008
-1.62,-0.39,0.10,218.44,-8.30,-168.52,-0.00,101833689
-1.62,-0.64,0.02,206.97,30.03,-164.18,-0.00,101843532
-1.48,-0.74,-0.05,178.53,68.24,-163.51,-0.00,101853240
-1.48,-0.74,-0.05,135.56,96.80,-159.67,-0.00,101861854
-1.25,-0.84,0.01,93.93,117.25,-152.47,-0.00,101871469
-0.73,-0.89,0.21,57.50,125.12,-144.53,-0.00,101881183
-0.43,-0.86,0.29,30.82,120.67,-141.97,-0.00,101891003
-0.30,-0.79,0.32,12.15,108.76,-139.83,-0.00,101900753
-0.16,-0.81,0.27,-0.98,89.42,-140.32,-0.00,101910535
-0.17,-0.74,0.24,-10.44,67.20,-154.17,-0.00,101920336
-0.15,-0.70,0.18,-14.28,52.67,-170.90,-0.00,101925037
-0.04,-0.59,0.10,-9.95,51.21,-177.98,-0.00,101934796
0.09,-0.49,0.11,3.11,54.38,-174.01,-0.00,101944572
0.20,-0.58,0.04,7.69,59.14,-173.58,-0.00,101954189
0.20,-0.58,0.04,7.69,59.14,-173.58,-0.00,101961997
0.19,-0.56,0.13,24.96,64.45,-182.92,-0.00,101971769
0.31,-0.64,0.19,36.38,68.85,-186.77,-0.00,101981592
0.51,-0.59,0.26,35.89,70.01,-185.18,-0.00,101991346
0.64,-0.43,0.37,28.99,53.34,-167.85,-0.00,101996091
0.64,-0.15,0.48,22.83,39.73,-149.90,-0.00,102005877
0.64,-0.06,0.53,13.98,23.07,-128.17,-0.00,102015676
0.64,-0.06,0.53,3.30,8.91,-102.91,-0.00,102024266
0.62,0.03,0.61,3.30,8.91,-102.91,-0.00,102033052
0.63,0.17,0.64,-7.32,-3.54,-77.94,-0.00,102042827
0.57,0.28,0.63,-20.87,-28.50,-39.55,-0.00,102052687
0.56,0.38,0.62,-41.93,-38.02,-29.30,-0.00,102062474
0.56,0.53,0.61,-43.33,-42.91,-18.68,-0.00,102067172
0.66,0.61,0.61,-41.02,-44.86,-8.30,-0.00,102076941
0.82,0.59,0.59,-35.95,-42.30,1.10,-0.00,102086734
-0.17,0.17,-0.19,-4.39,13.12,-141.66,-0.00,102648941
-0.17,0.09,-0.23,-4.39,13.12,-141.66,-0.00,102657765
-0.16,0.07,-0.22,34.36,14.77,-134.40,-0.00,102667555
0.00,-0.01,-0.29,38.21,19.29,-132.32,-0.00,102672264
0.04,0.03,-0.34,37.23,26.37,-133.54,-0.00,102682065
0.09,0.10,-0.28,42.42,34.36,-132.93,-0.00,102691847
0.09,0.10,-0.28,47.36,43.21,-129.46,-0.00,102700464
0.18,0.17,-0.26,47.36,43.21,-129.46,-0.00,102709293
0.28,0.22,-0.14,54.81,58.47,-114.87,-0.00,102719031
0.40,0.24,-0.02,70.68,60.06,-106.75,-0.00,102728809
0.43,0.17,0.07,71.23,56.82,-100.77,-0.00,102738598
0.36,0.23,0.08,69.46,51.82,-88.32,-0.00,102743270
0.30,0.24,0.12,64.09,46.26,-74.95,-0.00,102753059
0.30,0.24,0.12,58.11,40.41,-66.41,-0.00,102761647
0.33,0.63,0.05,58.11,40.41,-66.41,-0.00,102770302
0.42,0.42,0.21,47.18,43.03,-35.46,-0.00,102780036
0.61,0.40,0.15,32.10,41.38,-32.35,-0.00,102789827
0.76,0.52,0.13,20.51,39.67,-28.93,-0.00,102799613
0.83,0.61,0.06,10.13,38.33,-22.34,-0.00,102804316
0.88,0.74,0.03,4.39,38.45,-10.74,-0.00,102814090
0.91,0.76,0.03,2.08,38.15,3.48,-0.00,102823862
0.91,0.76,0.03,0.55,37.78,14.77,-0.00,102832508
1.20,0.89,0.01,4.21,37.90,20.45,-0.00,102842159
1.19,0.98,0.04,12.88,38.82,27.04,-0.00,102851839
1.23,1.05,0.07,18.86,36.44,39.49,-0.00,102861660
1.38,1.03,0.13,25.76,32.53,51.70,-0.00,102871407
1.24,1.06,0.01,28.81,26.00,61.16,-0.00,102881217
1.29,1.08,0.29,29.97,14.53,68.66,-0.00,102891006
1.26,1.01,0.32,26.86,-16.36,93.26,-0.00,102895707
1.16,1.16,0.21,10.68,-32.71,107.36,-0.00,102905499
0.86,1.35,0.09,5.62,-40.04,119.08,-0.00,102915255
0.86,1.35,0.09,-1.16,-43.40,130.25,-0.00,102923887
0.73,1.41,0.16,-1.16,-43.40,130.25,-0.00,102932687
0.51,1.52,0.09,-3.23,-44.07,141.24,-0.00,102942412
0.39,1.58,0.06,1.89,-41.69,152.22,-0.00,102952207
0.23,1.51,0.02,13.24,-45.65,181.27,-0.00,102962035
-0.28,1.39,-0.16,16.72,-47.79,188.96,-0.00,102966768
-0.62,1.34,-0.18,15.08,-49.56,199.95,-0.00,102976528
-0.97,1.27,-0.18,12.33,-52.31,212.16,-0.00,102986374
-0.97,1.27,-0.18,9.77,-51.94,221.98,-0.00,102995008
-1.34,1.17,-0.20,9.77,-51.94,221.98,-0.00,103003782
-1.61,1.11,-0.21,-10.38,-39.43,237.24,-0.00,103013576
-1.76,1.09,-0.30,-5.31,-31.01,241.21,-0.00,103023384
-1.89,1.07,-0.38,-7.26,-21.30,245.06,-0.00,103033131
-1.97,1.12,-0.38,-5.74,-7.63,245.91,-0.00,103037813
-2.02,1.23,-0.46,-5.19,7.26,246.64,-0.00,103047600
-2.02,1.23,-0.46,-1.46,23.19,243.65,-0.00,103056211
-1.96,1.29,-0.51,-1.46,23.19,243.65,-0.00,103064855
-1.94,1.32,-0.57,6.04,51.64,232.12,-0.00,103074653
-1.95,1.27,-0.57,6.16,59.81,226.26,-0.00,103084407
-1.79,1.38,-0.51,1.22,61.10,211.98,-0.00,103094175
-1.57,1.31,-0.51,-3.11,53.59,189.51,-0.00,103098863
-1.51,1.26,-0.51,-2.20,45.17,151.86,-0.00,103108651
-1.46,1.20,-0.42,1.22,31.62,103.64,-0.00,103118423
-1.51,1.25,-0.42,3.11,18.31,62.19,-0.00,103128025
-1.45,1.33,-0.23,11.41,0.61,31.74,-0.00,103137775
-1.37,1.45,0.08,59.27,-26.86,-21.73,-0.00,103147586
-1.31,1.29,0.36,59.27,-26.86,-21.73,-0.00,103156256
-1.41,0.95,0.59,85.88,-37.72,-53.65,-0.00,103166067
-1.69,0.74,0.60,91.67,-39.12,-77.09,-0.00,103175842
-1.33,0.65,0.56,77.21,-33.87,-94.24,-0.00,103185652
-1.41,0.51,0.51,36.62,-8.36,-119.93,-0.00,103190323
-1.36,0.20,0.25,17.94,-2.50,-133.12,-0.00,103200134
-1.28,0.01,0.21,11.84,1.53,-145.94,-0.00,103209816
-1.28,0.01,0.21,8.61,4.46,-162.23,-0.00,103218430
-1.31,-0.06,0.14,8.61,4.46,-162.23,-0.00,103227191
-1.28,-0.14,0.03,7.32,11.90,-172.85,-0.00,103236977
-1.19,-0.25,-0.05,3.05,21.91,-176.15,-0.00,103246762
-1.09,-0.28,-0.09,-12.39,26.43,-168.03,-0.00,103256540
-0.97,-0.48,-0.11,-21.30,20.02,-170.35,-0.00,103261228
-0.87,-0.54,-0.10,-30.70,8.85,-177.86,-0.00,103271010
-0.87,-0.54,-0.10,-35.52,-1.83,-184.69,-0.00,103279631
-0.78,-0.50,-0.11,-35.52,-1.83,-184.69,-0.00,103288261
-0.68,-0.45,-0.13,-36.19,-9.46,-186.89,-0.00,103298052
-0.55,-0.35,-0.20,-39.18,-18.25,-189.82,-0.00,103307818
-0.47,-0.31,-0.42,-43.88,-16.11,-189.45,-0.00,103317620
-0.20,-0.14,-0.50,-39.43,-11.60,-190.25,-0.00,103322296
-0.08,0.01,-0.53,-23.38,-5.07,-191.22,-0.00,103332124
0.10,0.11,-0.50,1.65,0.67,-192.93,-0.00,103341808
0.10,0.11,-0.50,27.83,5.68,-195.86,-0.00,103350457
-1.51,-0.35,0.23,89.17,-16.72,-179.38,-0.00,103912681
-1.39,-0.43,0.17,79.65,43.88,-165.59,-0.00,103922424
-1.40,-0.41,-0.00,76.72,66.47,-161.99,-0.00,103932212
-1.20,-0.47,-0.11,71.29,87.89,-161.01,-0.00,103942015
-0.95,-0.47,-0.14,68.30,102.17,-161.19,-0.00,103946710
-0.82,-0.50,-0.11,68.48,109.80,-159.30,-0.00,103956559
-0.65,-0.49,-0.04,69.58,109.80,-161.68,-0.00,103966266
-0.65,-0.49,-0.04,72.51,104.19,-167.54,-0.00,103974883
-0.29,-0.41,0.04,84.05,99.30,-172.49,-0.00,103984516
-0.30,-0.43,0.07,97.78,95.09,-174.01,-0.00,103994200
-0.16,-0.48,0.10,114.26,92.22,-182.80,-0.00,104004027
-0.21,-0.52,0.10,131.10,92.29,-198.49,-0.00,104013791
-0.14,-0.56,0.13,155.94,89.66,-212.28,-0.00,104023617
-0.02,-0.65,0.12,176.33,87.16,-216.98,-0.00,104033414
0.10,-0.84,0.13,183.29,87.16,-205.26,-0.00,104038087
0.12,-0.98,0.22,177.61,90.27,-196.47,-0.00,104047926
0.36,-1.04,0.52,155.33,79.28,-186.28,-0.00,104057607
0.36,-1.04,0.52,125.85,59.69,-170.84,-0.00,104066235
0.58,-0.91,0.66,125.85,59.69,-170.84,-0.00,104075052
0.76,-0.81,0.75,92.59,34.48,-148.01,-0.00,104084776
0.78,-0.67,0.88,58.04,7.75,-129.46,-0.00,104094611
0.74,-0.56,0.90,-13.73,-52.80,-110.66,-0.00,104104398
0.72,-0.35,0.84,-36.80,-74.83,-103.52,-0.00,104109094
0.76,-0.17,0.80,-53.59,-84.84,-94.30,-0.00,104118853
0.68,-0.07,0.80,-66.65,-89.36,-83.07,-0.00,104128660
0.68,-0.07,0.80,-74.34,-86.61,-66.22,-0.00,104137268
0.55,0.06,0.76,-74.34,-86.61,-66.22,-0.00,104146040
0.52,0.60,0.53,-75.44,-54.93,-25.51,-0.00,104155812
0.50,0.27,0.92,-58.59,-36.93,-10.93,-0.00,104165629
0.62,0.34,0.84,-58.53,-27.34,-1.71,-0.00,104175362
0.60,0.46,0.88,-53.89,-21.48,8.54,-0.00,104180078
0.60,0.59,0.87,-46.26,-20.20,18.01,-0.00,104189869
0.65,0.67,0.89,-36.32,-18.68,29.91,-0.00,104199643
0.65,0.67,0.89,-30.58,-21.36,46.63,-0.00,104208287
0.65,0.63,0.93,-28.93,-24.48,61.22,-0.00,104217917
0.61,0.63,0.92,-32.17,-27.40,72.02,-0.00,104227626
0.60,0.66,0.94,-38.64,-31.31,80.20,-0.00,104237449
0.55,0.73,0.93,-48.28,-32.35,89.90,-0.00,104247241
0.50,0.73,0.88,-57.56,-29.97,101.62,-0.00,104257004
0.40,0.80,0.80,-64.21,-25.63,111.21,-0.00,104266786
0.33,0.87,0.75,-65.06,-19.65,116.64,-0.00,104271464
0.26,0.99,0.70,-53.22,-13.37,132.81,-0.00,104281310
0.03,1.05,0.77,-50.54,-16.66,143.68,-0.00,104291004
0.03,1.05,0.77,-56.27,-18.31,158.94,-0.00,104299620
-0.15,1.06,0.77,-56.27,-18.31,158.94,-0.00,104308440
-0.34,1.04,0.76,-65.31,-19.35,176.33,-0.00,104318198
-0.61,1.09,0.72,-74.22,-22.16,190.61,-0.00,104328017
-0.86,1.21,0.65,-72.51,-21.30,210.75,-0.00,104337775
-1.07,1.29,0.60,-65.43,-18.86,218.93,-0.00,104342479
-1.44,1.26,0.61,-59.27,-15.14,226.20,-0.00,104352259
-1.60,1.27,0.58,-56.21,-10.38,232.36,-0.00,104362057
-1.60,1.27,0.58,-55.24,-6.10,236.15,-0.00,104370628
-1.70,1.29,0.56,-55.24,-6.10,236.15,-0.00,104379428
-1.75,1.29,0.53,-51.76,-0.49,241.70,-0.00,104389172
-1.77,1.24,0.55,-33.75,14.10,242.43,-0.00,104398934
-1.83,1.09,0.55,-32.29,21.12,244.38,-0.00,104408730
-1.92,0.95,0.54,-37.48,25.15,246.70,-0.00,104413403
-1.92,0.89,0.55,-44.62,27.89,238.65,-0.00,104423193
-1.92,0.89,0.55,-56.46,30.15,228.33,-0.00,104431793
-1.83,0.83,0.54,-56.46,30.15,228.33,-0.00,104440429
-1.70,0.72,0.52,-101.62,31.49,213.75,-0.00,104450189
-1.97,0.38,0.69,-133.85,23.13,194.15,-0.00,104459988
-2.06,0.32,0.84,-164.12,6.77,159.61,-0.00,104469768
-1.99,0.43,0.96,-189.58,-21.67,117.07,-0.00,104474442
-1.44,0.64,0.81,-216.55,-64.88,72.63,-0.00,104484258
-1.20,0.80,0.66,-235.78,-106.99,26.00,-0.00,104494004
-1.20,0.80,0.66,-235.96,-142.46,-17.58,-0.00,104502830
-1.44,0.95,0.51,-227.84,-170.41,-57.62,-0.00,104512481
-1.47,0.88,0.49,-206.42,-179.75,-96.80,-0.00,104522141
-1.46,0.84,0.52,-173.16,-174.32,-163.76,-0.00,104531993
-1.42,0.68,0.53,-173.16,-174.32,-163.76,-0.00,104540804
-1.27,0.50,0.59,-122.99,-145.75,-174.87,-0.00,104545484
-1.26,0.23,0.62,-100.28,-133.48,-179.26,-0.00,104555354
-1.27,0.02,0.58,-86.55,-125.18,-180.30,-0.00,104565036
-1.16,-0.15,0.46,-86.24,-110.84,-194.58,-0.00,104574658
-1.03,-0.22,0.41,-88.62,-102.78,-192.32,-0.00,104584432
-1.02,-0.34,0.38,-97.35,-96.31,-187.26,-0.00,104594200
-2.42,1.71,-1.30,-77.94,35.58,277.83,-0.00,105153026
-2.44,1.66,-1.45,-67.08,62.26,281.43,-0.00,105162802
-2.69,1.55,-1.46,-54.87,105.41,259.46,-0.00,105172529
-2.31,1.62,-1.21,-54.87,105.41,259.46,-0.00,105181346
-1.85,1.63,-1.14,-40.04,106.32,230.35,-0.00,105191081
-1.62,1.61,-0.95,-8.18,95.03,177.43,-0.00,105200858
-1.30,1.70,-0.63,27.89,70.74,109.68,-0.00,105210643
-0.97,1.73,-0.26,111.45,14.47,-19.59,-0.00,105215324
-1.45,1.04,0.31,136.23,-8.73,-47.61,-0.00,105225098
-1.45,1.04,0.31,141.24,-17.27,-65.67,-0.00,105233688
-1.60,0.84,0.45,141.24,-17.27,-65.67,-0.00,105242332
-1.47,0.65,0.44,127.62,-11.84,-82.21,-0.00,105252131
-1.35,0.59,0.34,106.45,-2.75,-93.51,-0.00,105261872
-1.27,0.47,0.32,76.42,-0.98,-107.54,-0.00,105271662
-1.27,0.23,0.23,17.27,-6.41,-120.36,-0.00,105276331
-1.17,0.06,0.11,6.16,-3.11,-137.63,-0.00,105286162
-1.07,0.03,0.02,3.85,-0.37,-154.11,-0.00,105295839
-1.07,0.03,0.02,10.74,1.10,-167.85,-0.00,105304447
-1.03,0.02,-0.10,10.74,1.10,-167.85,-0.00,105313240
-1.00,-0.03,-0.16,21.12,-1.40,-176.21,-0.00,105323011
-0.90,-0.08,-0.21,45.65,-8.06,-183.29,-0.00,105332783
-0.82,-0.21,-0.15,56.76,-8.61,-182.31,-0.00,105342580
-0.80,-0.37,-0.14,66.47,-7.14,-180.66,-0.00,105347306
-0.78,-0.48,-0.14,70.07,-5.31,-181.88,-0.00,105357056
-0.73,-0.53,-0.15,64.82,-7.14,-182.01,-0.00,105366893
-0.73,-0.53,-0.15,52.06,-5.86,-178.65,-0.00,105375532
-0.62,-0.49,-0.13,31.92,-1.65,-173.65,-0.00,105385145
-0.48,-0.35,-0.19,13.06,4.21,-168.76,-0.00,105394852
-0.42,-0.26,-0.24,0.49,10.86,-163.64,-0.00,105404662
-0.34,-0.23,-0.30,-7.45,17.76,-160.16,-0.00,105414378
-0.22,-0.11,-0.32,-3.42,22.58,-158.33,-0.00,105424203
-0.04,-0.07,-0.34,7.08,24.17,-157.84,-0.00,105433986
0.06,0.06,-0.36,20.87,25.21,-158.81,-0.00,105438682
0.09,0.08,-0.35,35.22,23.25,-149.60,-0.00,105448434
0.16,0.15,-0.30,71.35,24.11,-147.52,-0.00,105458250
0.21,0.13,-0.20,88.56,24.66,-139.34,-0.00,105467880
0.21,0.13,-0.20,88.56,24.66,-139.34,-0.00,105475716
0.31,0.08,-0.12,100.71,23.80,-128.48,-0.00,105485463
0.34,-0.02,-0.01,106.38,19.71,-115.54,-0.00,105495256
0.35,-0.11,0.06,100.34,14.59,-102.54,-0.00,105505041
0.48,-0.13,0.10,63.90,1.22,-81.12,-0.00,105509708
0.73,0.06,0.18,39.49,-3.72,-64.64,-0.00,105519479
0.82,0.13,0.17,19.90,-7.08,-47.85,-0.00,105529267
0.82,0.13,0.17,8.06,-9.95,-33.51,-0.00,105537859
0.94,0.23,0.16,8.06,-9.95,-33.51,-0.00,105546633
1.12,0.24,0.15,8.12,-13.43,-18.13,-0.00,105556409
1.28,0.30,0.19,24.66,-21.36,8.85,-0.00,105566237
1.24,0.31,0.29,29.72,-26.55,23.62,-0.00,105576033
1.30,0.36,0.35,30.64,-33.63,34.73,-0.00,105580742
1.31,0.44,0.36,27.59,-42.54,43.70,-0.00,105590527
1.21,0.58,0.42,20.94,-53.28,57.56,-0.00,105600319
1.21,0.58,0.42,10.62,-65.86,72.69,-0.00,105608902
1.10,0.64,0.40,-7.81,-76.11,90.52,-0.00,105618553
0.94,0.89,0.27,-21.18,-77.94,104.61,-0.00,105628273
0.86,1.05,0.21,-23.01,-74.10,119.26,-0.00,105638073
0.85,1.15,0.17,-21.85,-66.59,145.39,-0.00,105647831
0.76,1.23,0.13,-18.62,-55.11,173.46,-0.00,105657616
0.51,1.34,0.10,-6.84,-45.53,196.53,-0.00,105667355
0.25,1.41,0.11,7.45,-40.47,218.69,-0.00,105672065
-0.02,1.46,0.13,15.26,-36.56,265.93,-0.00,105681863
-0.51,1.48,0.15,10.13,-33.57,288.94,-0.00,105691657
-1.52,1.63,0.20,-1.71,-24.48,309.08,-0.00,105701207
-1.52,1.63,0.20,-1.71,-24.48,309.08,-0.00,105709028
-1.77,1.76,0.14,-13.55,-15.62,321.66,-0.00,105718812
-2.00,1.89,0.04,-18.01,-5.19,326.29,-0.00,105728622
-2.16,2.04,0.01,-15.81,7.02,327.94,-0.00,105738396
-2.31,2.01,0.00,-3.23,37.78,330.63,-0.00,105743093
-2.28,1.88,-0.04,2.56,47.06,319.89,-0.00,105752871
-2.32,1.79,-0.06,7.45,57.01,304.38,-0.00,105762656
-2.32,1.79,-0.06,7.87,71.59,295.90,-0.00,105771282
-2.40,1.69,-0.23,7.87,71.59,295.90,-0.00,105780086
-2.54,1.63,-0.15,5.92,87.52,291.81,-0.00,105789836
-2.33,1.56,-0.12,-22.95,90.15,282.10,-0.00,105799675
-2.54,1.46,-0.38,-21.91,89.23,249.02,-0.00,105809467
-2.63,1.42,-0.43,-16.72,90.03,207.64,-0.00,105814158
-2.94,1.34,-0.52,-7.39,90.64,161.32,-0.00,105823926
-3.05,1.51,-0.33,2.20,93.20,111.39,-0.00,105833696
-3.05,1.51,-0.33,2.50,92.41,59.45,-0.00,105842285
-2.39,1.53,-0.25,2.50,92.41,59.45,-0.00,105851074
-1.24,1.37,0.73,13.31,-3.42,255.07,-0.00,106407955
-1.49,1.37,0.76,25.09,4.58,266.91,-0.00,106417564
-1.70,1.35,0.78,29.24,13.98,272.89,-0.00,106427309
-1.70,1.35,0.78,29.24,13.98,272.89,-0.00,106435127
-1.84,1.20,0.79,30.52,25.82,277.65,-0.00,106444926
-1.90,1.11,0.81,27.59,37.72,278.32,-0.00,106454698
-2.09,1.05,0.86,19.71,47.36,275.27,-0.00,106459420
-2.12,0.96,0.88,-6.10,46.39,257.57,-0.00,106469192
-1.95,0.84,0.87,-37.05,43.03,249.45,-0.00,106479010
-1.95,0.84,0.87,-73.97,40.65,237.43,-0.00,106487629
-2.12,0.53,0.93,-73.97,40.65,237.43,-0.00,106496434
-2.41,0.43,0.98,-123.23,35.77,216.19,-0.00,106506190
-2.27,0.48,0.97,-171.45,18.74,183.59,-0.00,106516003
-2.09,0.57,0.91,-206.24,-4.21,96.56,-0.00,106525794
-2.06,0.46,0.74,-234.07,-75.32,59.94,-0.00,106530522
-1.35,0.86,0.35,-225.95,-113.77,6.23,-0.00,106540315
-1.53,0.89,0.19,-219.91,-136.60,-46.33,-0.00,106550139
-1.53,0.89,0.19,-199.95,-147.89,-94.24,-0.00,106558963
-1.44,0.90,0.09,-199.95,-147.89,-94.24,-0.00,106567621
-1.43,0.86,0.06,-160.28,-151.25,-136.72,-0.00,106577423
-1.32,0.74,0.16,-83.50,-126.65,-179.75,-0.00,106587179
-1.27,0.22,0.28,-53.71,-111.69,-178.83,-0.00,106596986
-1.10,-0.09,0.36,-38.33,-105.22,-184.33,-0.00,106601669
-1.00,-0.34,0.35,-41.08,-98.94,-188.66,-0.00,106611480
-0.84,-0.50,0.36,-49.32,-96.92,-191.59,-0.00,106621177
-0.84,-0.50,0.36,-64.15,-98.57,-195.07,-0.00,106629779
-0.74,-0.58,0.32,-79.65,-101.75,-200.62,-0.00,106639453
-0.56,-0.47,0.18,-95.89,-103.88,-206.05,-0.00,106649221
-0.51,-0.27,0.08,-105.10,-107.06,-208.07,-0.00,106659003
-0.56,-0.11,-0.07,-106.45,-108.70,-203.98,-0.00,106668803
-0.60,-0.06,-0.18,-102.11,-107.12,-195.56,-0.00,106678543
-0.69,0.06,-0.19,-91.49,-103.09,-188.23,-0.00,106688330
-0.65,0.17,-0.20,-78.49,-95.40,-186.46,-0.00,106693027
-0.61,0.18,-0.14,-44.86,-59.88,-181.46,-0.00,106702864
-0.71,0.12,-0.11,-17.09,-43.15,-181.21,-0.00,106712540
-0.68,0.19,0.10,4.94,-24.54,-173.95,-0.00,106722171
-0.68,0.19,0.10,4.94,-24.54,-173.95,-0.00,106730003
-0.67,0.03,0.15,9.77,-6.77,-161.19,-0.00,106739714
-0.59,-0.00,0.12,5.13,10.86,-156.01,-0.00,106749486
-0.50,0.06,0.09,-1.71,28.75,-152.40,-0.00,106759261
-0.38,-0.00,0.06,-29.48,46.94,-140.44,-0.00,106763937
-0.20,0.13,0.04,-40.83,47.73,-134.77,-0.00,106773710
-0.20,0.13,0.04,-43.82,44.13,-132.81,-0.00,106782321
-0.10,0.19,0.08,-43.82,44.13,-132.81,-0.00,106790966
0.01,0.20,0.10,-36.87,40.41,-132.93,-0.00,106800739
0.04,0.22,0.17,-22.16,36.74,-130.00,-0.00,106810488
0.09,0.30,0.14,-8.97,22.89,-126.16,-0.00,106820266
0.16,0.13,0.34,30.64,19.29,-134.03,-0.00,106824950
0.22,0.18,0.07,44.25,20.45,-140.01,-0.00,106834732
0.21,0.21,0.18,58.41,25.63,-136.05,-0.00,106844503
0.21,0.21,0.18,72.75,33.45,-128.48,-0.00,106853120
0.28,0.09,0.24,72.75,33.45,-128.48,-0.00,106861924
0.40,-0.08,0.31,71.90,38.94,-124.45,-0.00,106871684
0.36,-0.08,0.44,52.19,48.95,-102.72,-0.00,106881530
0.39,-0.04,0.35,29.42,53.71,-80.57,-0.00,106891312
0.42,0.04,0.33,6.29,64.45,-59.02,-0.00,106895997
0.47,0.19,0.29,-20.69,73.49,-38.09,-0.00,106905779
0.48,0.32,0.22,-42.79,79.77,-21.73,-0.00,106915600
0.48,0.32,0.22,-57.07,84.47,-7.63,-0.00,106924411
0.49,0.70,0.04,-67.38,88.26,5.68,-0.00,106934058
0.72,0.87,-0.04,-67.08,93.81,18.19,-0.00,106943725
0.86,1.06,-0.19,-57.68,99.55,27.47,-0.00,106953408
1.01,1.10,-0.34,-43.27,105.35,37.48,-0.00,106963124
1.13,1.17,-0.42,-24.60,112.85,47.00,-0.00,106972931
1.21,1.32,-0.44,-2.08,121.40,56.21,-0.00,106982713
1.38,1.35,-0.49,19.59,125.12,65.12,-0.00,106987411
1.49,1.37,-0.47,58.53,119.87,76.97,-0.00,106997167
1.58,1.32,-0.23,65.06,105.47,85.88,-0.00,107006972
1.58,1.32,-0.23,65.61,81.91,90.58,-0.00,107015572
1.73,1.30,-0.07,65.61,81.91,90.58,-0.00,107024352
1.74,1.25,0.05,61.34,51.82,93.26,-0.00,107034131
1.66,1.17,0.17,47.85,15.38,96.56,-0.00,107043963
1.59,0.96,0.21,30.15,-25.33,98.21,-0.00,107053745
1.25,1.09,0.08,-13.98,-108.64,99.91,-0.00,107058448
0.74,1.23,-0.09,-29.72,-129.64,112.18,-0.00,107068251
0.50,1.28,-0.06,-40.71,-138.61,121.03,-0.00,107078041
0.50,1.28,-0.06,-41.81,-142.15,128.17,-0.00,107086647
0.28,1.42,-0.12,-41.81,-142.15,128.17,-0.00,107095472
1.45,0.41,0.48,34.24,-18.01,65.98,-0.00,107650866
1.45,0.41,0.48,34.24,-18.01,65.98,-0.00,107658653
1.29,0.53,0.45,26.00,-50.78,94.24,-0.00,107668438
1.13,0.63,0.42,-2.75,-61.22,108.64,-0.00,107678208
0.79,0.98,0.37,-21.18,-65.55,125.85,-0.00,107682908
0.59,1.14,0.26,-36.44,-65.67,150.09,-0.00,107692749
0.36,1.30,0.10,-38.88,-63.35,170.47,-0.00,107702445
0.36,1.30,0.10,-23.01,-59.63,182.01,-0.00,107711054
0.22,1.46,0.00,-23.01,-59.63,182.01,-0.00,107719858
0.12,1.52,0.02,9.64,-46.63,213.56,-0.00,107729607
-0.33,1.59,0.03,5.37,-36.74,237.55,-0.00,107739431
-0.66,1.72,0.07,-0.67,-23.13,255.92,-0.00,107749218
-0.93,1.71,0.05,-2.44,-9.64,273.07,-0.00,107753905
-1.20,1.77,-0.03,-4.82,4.52,289.86,-0.00,107763701
-1.62,1.81,-0.16,-6.10,22.89,300.48,-0.00,107773481
-1.78,1.95,-0.25,7.08,40.95,301.82,-0.00,107783090
-1.71,2.17,-0.37,24.96,61.28,302.92,-0.00,107792818
-1.62,2.35,-0.40,94.48,106.20,309.88,-0.00,107802640
-1.65,2.35,-0.38,94.48,106.20,309.88,-0.00,107811309
-1.76,2.20,-0.27,146.67,124.02,309.02,-0.00,107821068
-2.01,1.94,-0.12,192.93,138.98,298.28,-0.00,107830835
-2.13,1.70,0.05,227.48,149.35,280.09,-0.00,107840634
-2.22,1.80,0.24,243.47,152.47,236.57,-0.00,107845312
-2.55,1.11,0.65,241.70,150.57,213.93,-0.00,107855075
-2.33,1.03,0.77,245.48,152.59,184.57,-0.00,107864843
-2.33,1.03,0.77,224.24,154.11,153.81,-0.00,107873466
-2.22,0.88,0.80,224.24,154.11,153.81,-0.00,107882256
-2.04,0.75,0.75,196.90,157.23,124.15,-0.00,107892015
-1.88,0.67,0.86,156.80,165.59,78.31,-0.00,107901836
-1.59,0.67,0.84,36.56,170.78,54.20,-0.00,107911586
-1.08,0.49,0.75,0.43,157.53,32.96,-0.00,107916294
-0.88,0.48,0.71,-11.84,127.50,2.32,-0.00,107926069
-0.68,0.42,0.72,-18.01,83.44,-38.94,-0.00,107935859
-0.68,0.42,0.72,-21.48,36.74,-79.10,-0.00,107944496
-0.51,0.36,0.69,-21.48,36.74,-79.10,-0.00,107953293
-0.52,0.35,0.61,-29.79,-50.11,-122.99,-0.00,107963063
-0.63,0.10,0.50,-34.91,-84.96,-141.72,-0.00,107972864
-0.54,0.07,0.54,-30.33,-105.04,-154.79,-0.00,107982649
-0.57,-0.04,0.59,-19.23,-117.25,-163.21,-0.00,107987354
-0.67,-0.12,0.65,-1.65,-123.23,-169.13,-0.00,107997167
-0.83,-0.30,0.62,9.58,-121.52,-171.08,-0.00,108006925
-0.97,-0.31,0.65,18.01,-112.30,-174.07,-0.00,108016735
-0.91,-0.31,0.64,21.36,-100.71,-172.85,-0.00,108026422
-1.15,-0.43,0.58,11.78,-76.17,-169.25,-0.00,108036103
-1.09,-0.50,0.48,-0.18,-57.50,-163.15,-0.00,108045918
-1.34,-0.46,0.31,-0.18,-57.50,-163.15,-0.00,108054731
-1.27,-0.39,0.19,-5.98,-33.69,-159.85,-0.00,108064511
-1.28,-0.35,0.08,-3.97,-7.08,-161.01,-0.00,108074304
-1.17,-0.24,0.06,10.25,36.74,-166.32,-0.00,108084101
-0.98,-0.22,0.04,10.68,50.60,-159.79,-0.00,108088832
-0.78,-0.19,0.06,15.08,60.18,-154.91,-0.00,108098613
-0.58,-0.17,0.15,27.34,64.03,-153.87,-0.00,108108375
-0.58,-0.17,0.15,48.34,65.31,-154.42,-0.00,108116991
-0.47,-0.10,0.27,48.34,65.31,-154.42,-0.00,108125794
-0.38,-0.15,0.37,62.81,56.27,-151.67,-0.00,108135518
-0.31,-0.15,0.45,95.09,51.51,-154.05,-0.00,108145321
-0.33,-0.31,0.54,108.70,49.93,-153.99,-0.00,108155115
-0.40,-0.45,0.57,117.68,52.61,-149.23,-0.00,108159850
-0.30,-0.52,0.49,120.48,60.06,-146.30,-0.00,108169620
-0.15,-0.52,0.48,113.59,65.55,-144.47,-0.00,108179444
-0.15,-0.52,0.48,97.23,68.30,-140.87,-0.00,108188247
0.15,-0.52,0.45,71.90,73.36,-119.08,-0.00,108197927
0.37,-0.65,0.52,50.90,75.93,-92.96,-0.00,108207537
0.48,-0.66,0.60,35.28,68.36,-88.75,-0.00,108217322
0.52,-0.55,0.58,15.50,51.88,-101.20,-0.00,108227097
0.49,-0.35,0.53,-8.30,33.81,-106.51,-0.00,108236854
0.58,-0.15,0.44,-27.47,17.15,-98.82,-0.00,108246636
0.63,-0.02,0.38,-38.76,5.80,-75.87,-0.00,108251290
0.67,-0.01,0.42,-33.69,-1.10,-71.41,-0.00,108261071
0.75,0.11,0.55,-26.61,-2.62,-65.55,-0.00,108270747
0.75,0.11,0.55,-19.53,-4.15,-57.25,-0.00,108279334
0.89,0.12,0.57,-19.53,-4.15,-57.25,-0.00,108288124
0.99,0.19,0.61,-9.46,-3.72,-45.35,-0.00,108297881
1.09,0.26,0.64,-1.83,-4.39,-32.71,-0.00,108307652
1.09,0.27,0.69,6.96,-11.54,-2.44,-0.00,108317413
1.20,0.42,0.76,8.61,-14.77,13.43,-0.00,108322067
1.31,0.42,0.79,8.12,-19.41,29.05,-0.00,108331831
1.31,0.42,0.79,11.47,-25.94,43.76,-0.00,108340477
-0.18,0.19,-0.19,8.30,32.04,-117.49,-0.00,108899022
-0.27,0.20,-0.09,12.15,33.14,-118.23,-0.00,108908791
-0.28,0.15,-0.09,11.05,44.37,-117.25,-0.00,108918626
-0.26,0.13,-0.08,11.05,44.37,-117.25,-0.00,108927399
-0.20,0.13,-0.18,2.75,46.81,-117.07,-0.00,108937183
-0.07,0.16,-0.18,-2.75,47.55,-116.82,-0.00,108946980
-0.04,0.22,-0.11,4.15,48.46,-115.48,-0.00,108956753
0.03,0.23,-0.01,50.11,47.91,-117.92,-0.00,108961474
0.24,0.12,0.06,76.90,48.83,-117.25,-0.00,108971271
0.28,0.06,0.12,95.70,49.68,-110.84,-0.00,108981081
0.28,0.06,0.12,103.76,50.29,-98.94,-0.00,108989689
0.28,0.04,0.14,103.76,50.29,-98.94,-0.00,108998494
0.36,-0.05,0.14,101.56,52.55,-82.09,-0.00,109008259
0.45,-0.10,0.14,65.12,60.36,-50.66,-0.00,109018063
0.53,-0.10,0.12,37.48,62.93,-37.54,-0.00,109027841
0.73,-0.01,0.09,3.42,62.68,-23.74,-0.00,109032530
0.72,0.12,0.02,-29.91,59.02,-12.33,-0.00,109042318
0.74,0.30,-0.06,-53.28,52.25,-7.87,-0.00,109052093
0.74,0.30,-0.06,-65.67,46.45,-4.94,-0.00,109060711
0.73,0.48,-0.18,-67.44,40.71,-1.59,-0.00,109070347
0.91,0.79,-0.27,-61.34,35.83,2.08,-0.00,109080050
1.00,0.83,-0.27,-49.87,31.43,5.25,-0.00,109089792
0.99,0.84,-0.30,-39.25,24.41,8.12,-0.00,109099547
1.08,0.87,-0.31,-31.13,15.69,10.74,-0.00,109109354
1.15,0.95,-0.36,-23.13,6.53,13.37,-0.00,109119105
1.24,1.04,-0.34,-15.32,-2.44,18.43,-0.00,109123792
1.34,1.14,-0.30,-7.32,-8.85,39.67,-0.00,109133560
1.38,1.16,-0.27,3.60,-30.52,47.97,-0.00,109143147
1.51,1.25,0.00,4.46,-48.46,51.09,-0.00,109152781
1.51,1.25,0.00,4.46,-48.46,51.09,-0.00,109160587
1.59,1.28,0.16,-8.06,-68.30,62.01,-0.00,109170326
1.45,1.25,0.05,-14.16,-87.10,80.20,-0.00,109180093
1.24,1.27,-0.02,-18.37,-101.01,96.44,-0.00,109184784
0.93,1.38,-0.00,-14.34,-105.16,131.96,-0.00,109194561
0.60,1.50,0.00,-7.39,-98.51,148.01,-0.00,109204314
0.60,1.50,0.00,-1.10,-90.70,166.50,-0.00,109212921
-0.02,1.44,0.00,-1.10,-90.70,166.50,-0.00,109221701
-0.29,1.52,-0.00,-1.16,-82.28,185.36,-0.00,109231436
-0.70,1.41,0.04,-3.05,-73.30,203.67,-0.00,109241216
-1.02,1.42,0.01,-12.45,-59.94,217.96,-0.00,109250989
-1.27,1.33,-0.01,-43.82,-34.36,239.38,-0.00,109255664
-1.66,1.31,-0.15,-59.27,-17.21,244.51,-0.00,109265441
-1.66,1.31,-0.15,-67.50,-2.01,248.41,-0.00,109274075
-1.63,1.33,-0.26,-66.53,10.68,251.89,-0.00,109283884
-1.55,1.39,-0.39,-66.53,10.68,251.89,-0.00,109292693
-1.55,1.45,-0.52,-59.63,26.37,251.77,-0.00,109302480
-1.66,1.40,-0.57,-39.06,53.59,255.00,-0.00,109312325
-1.78,1.46,-0.75,-34.48,65.67,252.44,-0.00,109322117
-1.78,1.54,-0.83,-34.73,76.48,248.17,-0.00,109326813
-1.57,1.46,-0.78,-37.60,80.32,243.96,-0.00,109336659
-1.61,1.40,-0.71,-36.01,79.41,236.27,-0.00,109346337
-1.61,1.40,-0.71,-30.27,72.88,213.99,-0.00,109354942
-1.62,1.41,-0.62,-16.78,58.11,182.56,-0.00,109364625
-1.34,1.28,-0.38,11.41,37.66,138.98,-0.00,109374273
-1.27,1.31,-0.18,49.26,13.06,88.07,-0.00,109384079
-1.31,1.16,0.02,80.20,-12.82,40.65,-0.00,109393829
-1.41,1.00,0.19,94.73,-37.96,7.08,-0.00,109403580
-1.68,0.79,0.28,89.05,-58.96,-15.32,-0.00,109413371
-1.94,0.74,0.32,68.85,-71.47,-31.07,-0.00,109418090
-1.75,0.72,0.36,38.39,-58.23,-65.25,-0.00,109427883
-1.67,0.82,0.34,-8.79,-37.41,-79.53,-0.00,109437637
-1.72,0.78,0.08,-10.68,-18.98,-92.59,-0.00,109447252
-1.72,0.78,0.08,-10.68,-18.98,-92.59,-0.00,109455085
-1.62,0.71,0.02,2.50,-5.07,-108.89,-0.00,109464815
-1.56,0.57,-0.05,28.38,10.25,-122.68,-0.00,109474672
-1.51,0.38,-0.03,60.85,27.59,-133.18,-0.00,109484461
-1.42,0.18,-0.03,96.19,57.74,-147.03,-0.00,109489154
-1.25,-0.26,-0.02,96.01,64.21,-152.89,-0.00,109498937
-1.11,-0.47,-0.02,89.05,62.99,-156.80,-0.00,109508694
-1.11,-0.47,-0.02,73.43,56.64,-164.67,-0.00,109517325
-1.02,-0.70,-0.05,73.43,56.64,-164.67,-0.00,109526136
-0.91,-0.64,-0.08,58.78,49.62,-172.85,-0.00,109535901
-0.63,-0.67,-0.16,22.89,31.19,-168.33,-0.00,109545733
-0.36,-0.46,-0.36,7.69,24.96,-165.89,-0.00,109555520
-0.04,-0.37,-0.50,-3.23,21.00,-166.44,-0.00,109560188
0.08,-0.16,-0.49,-5.86,22.77,-165.71,-0.00,109569957
0.16,-0.19,-0.58,-1.65,26.67,-160.83,-0.00,109579746
0.16,-0.19,-0.58,19.10,33.20,-170.10,-0.00,109588351
0.33,-0.13,-0.61,54.75,44.80,-189.09,-0.00,109597967
-0.93,-0.81,0.04,3.36,29.24,-158.08,-0.00,110154917
-0.90,-0.52,0.02,-34.61,54.69,-151.79,-0.00,110164583
-0.90,-0.52,0.02,-34.61,54.69,-151.79,-0.00,110172420
-0.02,-0.38,-0.17,-48.03,107.91,-144.90,-0.00,110182151
-0.04,-0.21,-0.15,-17.82,102.29,-143.25,-0.00,110191975
0.14,-0.49,-0.13,-3.05,65.25,-148.74,-0.00,110196647
0.41,-0.41,-0.28,-6.59,59.57,-166.08,-0.00,110206434
0.53,-0.21,-0.07,42.97,58.65,-173.71,-0.00,110216097
0.68,-0.30,-0.14,67.57,62.68,-183.59,-0.00,110225692
0.68,-0.30,-0.14,67.57,62.68,-183.59,-0.00,110233535
0.83,-0.39,-0.06,103.33,73.55,-200.81,-0.00,110243284
0.74,-0.31,0.07,122.68,88.20,-201.60,-0.00,110253107
0.71,-0.43,0.26,128.97,94.42,-194.52,-0.00,110262910
0.46,-0.58,0.42,95.28,79.10,-148.86,-0.00,110267594
0.70,-0.44,0.75,62.19,55.91,-121.64,-0.00,110277437
0.77,-0.18,0.85,26.06,32.65,-96.13,-0.00,110287140
0.77,-0.18,0.85,-2.26,12.63,-71.78,-0.00,110295744
0.72,0.05,0.89,-2.26,12.63,-71.78,-0.00,110304532
0.68,0.21,0.86,-20.02,-4.58,-47.24,-0.00,110314284
0.67,0.32,0.83,-29.79,-19.04,-10.99,-0.00,110324071
0.68,0.39,0.82,-26.00,-19.90,-0.06,-0.00,110333837
0.94,0.43,0.87,-13.43,-20.69,8.30,-0.00,110338497
1.02,0.44,0.94,1.53,-23.62,15.26,-0.00,110348263
1.02,0.44,0.94,14.83,-27.77,23.93,-0.00,110356918
1.10,0.39,1.01,14.83,-27.77,23.93,-0.00,110365561
1.01,0.43,1.11,23.93,-34.06,37.48,-0.00,110375276
0.81,0.44,1.18,22.58,-49.87,77.33,-0.00,110385085
0.42,0.64,1.20,19.35,-57.19,91.80,-0.00,110394855
0.23,0.77,1.19,12.33,-64.94,106.32,-0.00,110399551
-0.01,0.84,1.18,3.36,-72.39,124.88,-0.00,110409290
-0.25,0.85,1.16,-8.12,-75.26,140.08,-0.00,110419081
-0.25,0.85,1.16,-21.48,-71.23,151.92,-0.00,110427723
-0.40,0.94,1.15,-38.45,-62.07,163.82,-0.00,110437348
-0.51,1.10,0.96,-49.01,-49.80,174.56,-0.00,110447073
-0.50,1.24,0.85,-47.24,-39.12,180.91,-0.00,110456882
-0.57,1.28,0.79,-34.00,-33.08,184.39,-0.00,110466641
-0.65,1.26,0.78,-22.16,-26.43,192.57,-0.00,110476467
-0.79,1.12,0.82,-16.78,-18.80,206.05,-0.00,110486249
-1.04,1.01,0.86,-25.45,-11.47,221.07,-0.00,110490921
-1.27,1.05,0.84,-40.16,3.85,239.20,-0.00,110500698
-1.40,1.08,0.73,-50.29,9.09,243.23,-0.00,110510459
-1.60,1.14,0.69,-50.23,14.04,246.89,-0.00,110520063
-1.60,1.14,0.69,-50.23,14.04,246.89,-0.00,110527885
-1.67,1.01,0.65,-57.07,19.17,248.60,-0.00,110537644
-1.88,0.88,0.60,-74.22,24.29,251.16,-0.00,110547477
-2.11,0.84,0.52,-99.91,27.22,254.03,-0.00,110557268
-2.16,0.91,0.45,-171.81,33.51,266.72,-0.00,110561977
-2.42,0.93,0.34,-203.06,41.44,268.86,-0.00,110571848
-2.60,1.02,0.43,-221.50,51.39,260.74,-0.00,110581529
-2.60,1.02,0.43,-237.73,55.11,251.04,-0.00,110590150
-2.60,1.06,0.60,-237.73,55.11,251.04,-0.00,110598939
-2.43,1.00,0.64,-252.93,49.32,230.29,-0.00,110608708
-1.82,1.00,0.68,-246.64,14.16,124.21,-0.00,110618527
-1.55,0.79,0.60,-229.74,-19.71,52.19,-0.00,110628286
-1.03,0.85,0.52,-205.57,-68.42,-14.95,-0.00,110633010
-1.03,0.83,0.50,-179.38,-123.78,-68.79,-0.00,110642814
-1.09,0.73,0.52,-149.60,-163.88,-115.30,-0.00,110652618
-1.09,0.73,0.52,-118.47,-170.96,-150.63,-0.00,110661206
-1.20,0.58,0.54,-77.64,-153.32,-175.78,-0.00,110670873
-1.16,0.21,0.64,-45.35,-131.35,-191.65,-0.00,110680574
-1.03,-0.04,0.69,-37.05,-118.77,-195.37,-0.00,110690386
-0.92,-0.26,0.71,-52.31,-117.61,-194.52,-0.00,110700152
-0.86,-0.33,0.68,-68.85,-118.90,-197.02,-0.00,110709947
-0.80,-0.32,0.58,-85.21,-122.25,-199.28,-0.00,110719746
-0.79,-0.29,0.48,-94.73,-126.65,-199.28,-0.00,110724431
-0.75,-0.27,0.31,-103.39,-126.22,-193.91,-0.00,110734278
-0.79,-0.14,0.19,-114.93,-121.70,-187.19,-0.00,110744004
-0.75,-0.01,-0.03,-118.29,-108.89,-178.71,-0.00,110753605
-0.75,-0.01,-0.03,-118.29,-108.89,-178.71,-0.00,110761450
-0.76,0.11,-0.14,-113.89,-97.90,-174.44,-0.00,110771219
-0.69,0.18,-0.22,-106.32,-90.45,-174.87,-0.00,110781036
-0.60,0.28,-0.28,-92.53,-82.21,-172.55,-0.00,110790828
-0.53,0.30,-0.29,-51.39,-68.18,-162.90,-0.00,110795519
-0.42,0.26,-0.29,-23.68,-56.95,-162.84,-0.00,110805361
-0.35,0.20,-0.28,-3.23,-44.01,-165.59,-0.00,110815072
-0.35,0.20,-0.28,6.53,-30.94,-162.48,-0.00,110823873
-0.28,0.14,-0.27,6.53,-30.94,-162.48,-0.00,110832555
-1.31,0.84,0.85,25.45,14.10,-18.31,-0.00,111389324
-1.31,0.84,0.85,7.32,4.03,-40.71,-0.00,111398146
-1.46,0.55,0.74,-11.23,-3.85,-64.70,-0.00,111407863
-1.46,0.47,0.65,-25.09,-6.16,-101.32,-0.00,111417543
-1.39,0.39,0.49,-37.90,-2.81,-103.58,-0.00,111427348
-1.35,0.34,0.34,-46.88,4.82,-119.57,-0.00,111437136
-1.36,0.28,0.20,-48.52,13.12,-132.08,-0.00,111446922
-1.32,0.16,0.07,-43.88,17.88,-139.10,-0.00,111456705
-1.27,0.04,-0.04,-29.30,21.18,-159.79,-0.00,111461400
-1.24,-0.09,-0.19,-19.47,21.36,-171.39,-0.00,111471197
-1.06,-0.13,-0.25,-8.24,22.16,-180.36,-0.00,111480930
-1.06,-0.13,-0.25,2.44,22.58,-183.41,-0.00,111489551
-0.99,-0.18,-0.30,2.44,22.58,-183.41,-0.00,111498378
-0.84,-0.26,-0.38,10.56,23.32,-182.43,-0.00,111508099
-0.71,-0.25,-0.39,19.59,26.55,-180.36,-0.00,111517937
-0.62,-0.24,-0.42,30.40,40.04,-181.03,-0.00,111527726
-0.30,-0.19,-0.45,34.91,48.34,-176.51,-0.00,111532432
-0.08,-0.15,-0.44,34.85,55.66,-169.01,-0.00,111542269
0.10,-0.18,-0.47,33.26,60.67,-162.90,-0.00,111551967
0.10,-0.18,-0.47,38.09,61.22,-159.91,-0.00,111560590
0.22,-0.09,-0.43,38.09,61.22,-159.91,-0.00,111569397
0.43,-0.07,-0.39,55.73,54.32,-163.33,-0.00,111579151
0.55,0.06,-0.22,67.08,47.67,-167.97,-0.00,111588989
0.64,0.09,-0.12,75.81,39.79,-165.04,-0.00,111598765
0.73,0.10,-0.04,82.46,30.46,-156.37,-0.00,111603466
0.80,0.19,0.05,85.21,19.78,-143.07,-0.00,111613235
0.87,0.12,0.13,82.58,4.64,-130.37,-0.00,111623008
0.84,0.05,0.18,74.95,-15.93,-119.02,-0.00,111632612
0.89,0.00,0.24,65.92,-41.08,-113.59,-0.00,111642333
0.99,-0.00,0.23,23.13,-76.17,-93.51,-0.00,111652135
1.09,0.09,0.26,23.13,-76.17,-93.51,-0.00,111660798
1.08,0.10,0.28,-6.23,-87.59,-77.09,-0.00,111670499
1.10,0.24,0.29,-35.22,-94.06,-57.31,-0.00,111680303
1.15,0.33,0.22,-59.08,-96.44,-36.38,-0.00,111690090
1.12,0.49,0.17,-69.27,-94.30,-2.08,-0.00,111694769
1.06,0.68,0.17,-58.90,-87.40,14.53,-0.00,111704526
0.85,0.79,0.21,-40.59,-79.35,29.05,-0.00,111714339
0.85,0.79,0.21,-23.99,-75.74,44.31,-0.00,111722956
0.76,0.81,0.23,-23.99,-75.74,44.31,-0.00,111731734
0.70,0.87,0.24,-12.02,-75.44,63.23,-0.00,111741513
0.70,0.86,0.23,-5.55,-77.82,84.23,-0.00,111751311
0.65,0.86,0.25,5.55,-78.98,117.86,-0.00,111761056
0.52,0.89,0.31,9.64,-76.97,133.12,-0.00,111765751
0.36,0.92,0.36,14.53,-74.28,147.03,-0.00,111775544
0.20,1.00,0.43,18.49,-71.96,162.66,-0.00,111785361
0.20,1.00,0.43,14.22,-70.98,181.64,-0.00,111794018
0.01,1.02,0.50,14.22,-70.98,181.64,-0.00,111802837
-0.21,1.05,0.51,4.33,-76.35,217.65,-0.00,111812590
-0.77,1.20,0.43,5.13,-84.35,232.12,-0.00,111822385
-1.03,1.27,0.35,5.49,-87.95,245.79,-0.00,111832175
-1.38,1.28,0.23,0.06,-87.89,255.00,-0.00,111836874
-1.68,1.31,0.15,-13.00,-83.62,263.43,-0.00,111846661
-1.88,1.34,0.04,-35.83,-72.51,274.84,-0.00,111856458
-1.88,1.34,0.04,-62.62,-54.81,286.13,-0.00,111865275
-2.12,1.59,-0.18,-81.18,-35.83,289.49,-0.00,111874959
-2.09,1.69,-0.31,-94.73,-14.22,288.88,-0.00,111884594
-2.10,1.80,-0.37,-104.74,12.08,290.04,-0.00,111894372
-2.31,1.88,-0.44,-112.37,39.37,290.89,-0.00,111904173
-2.15,1.91,-0.54,-114.56,60.36,289.86,-0.00,111913949
-2.09,1.95,-0.50,-110.90,83.31,286.99,-0.00,111923722
-2.42,1.92,-0.56,-107.60,121.09,271.91,-0.00,111933519
-2.66,1.91,-0.42,-87.71,127.08,252.20,-0.00,111938196
-2.66,1.91,-0.42,-78.49,129.27,222.11,-0.00,111946851
-2.55,1.75,-0.27,-60.79,120.79,182.62,-0.00,111956644
-2.36,1.72,-0.06,-60.79,120.79,182.62,-0.00,111965319
-2.39,1.78,0.12,-45.10,107.79,131.35,-0.00,111975081
-2.10,1.63,0.23,-38.27,91.43,72.39,-0.00,111984839
-1.53,1.37,0.27,-32.59,54.50,-26.92,-0.00,111994623
-1.18,0.90,0.52,-25.88,31.92,-63.29,-0.00,111999321
-1.09,0.58,0.67,-9.22,9.70,-101.99,-0.00,112009122
-0.83,0.48,0.68,8.79,0.55,-133.79,-0.00,112018854
-0.83,0.48,0.68,22.83,-11.96,-151.92,-0.00,112027487
-0.71,0.39,0.60,22.83,-11.96,-151.92,-0.00,112036291
-0.74,0.31,0.56,48.03,-54.44,-174.93,-0.00,112046061
-0.81,0.05,0.29,59.08,-68.12,-183.65,-0.00,112055905
-1.00,-0.02,0.21,77.58,-74.10,-193.79,-0.00,112065684
-1.05,-0.06,0.16,100.46,-68.73,-201.90,-0.00,112070384
-1.11,-0.03,0.08,115.30,-59.81,-199.10,-0.00,112080236
-1.46,0.61,0.89,-288.09,-108.95,17.27,-0.00,112642509
-1.49,0.74,0.76,-288.09,-108.95,17.27,-0.00,112651302
-1.29,0.88,0.58,-231.87,-146.30,-82.58,-0.00,112661103
-1.23,0.85,0.39,-189.33,-156.86,-128.05,-0.00,112670944
-1.31,0.70,0.45,-141.54,-148.86,-159.91,-0.00,112675656
-1.30,0.55,0.53,-96.68,-122.13,-169.86,-0.00,112685453
-1.18,0.31,0.62,-61.34,-92.29,-168.03,-0.00,112695286
-1.18,0.31,0.62,-49.93,-69.40,-163.09,-0.00,112703926
-1.03,0.09,0.73,-64.39,-58.11,-160.58,-0.00,112713540
-0.74,-0.31,0.78,-84.90,-56.64,-162.66,-0.00,112723263
-0.56,-0.40,0.83,-103.64,-55.36,-164.49,-0.00,112733084
-0.46,-0.47,0.78,-129.94,-62.87,-161.87,-0.00,112742820
-0.39,-0.46,0.69,-160.64,-80.81,-164.06,-0.00,112752652
-0.30,-0.43,0.58,-185.85,-98.88,-166.56,-0.00,112762461
-0.29,-0.41,0.42,-210.82,-114.81,-168.76,-0.00,112767147
-0.21,-0.32,0.27,-238.83,-138.73,-166.20,-0.00,112776919
-0.13,-0.22,-0.03,-244.75,-146.55,-165.10,-0.00,112786687
-0.13,-0.22,-0.03,-241.03,-151.73,-165.41,-0.00,112795304
-0.07,-0.16,-0.17,-241.03,-151.73,-165.41,-0.00,112804089
-0.17,-0.05,-0.24,-232.91,-147.71,-163.33,-0.00,112813860
-0.17,0.06,-0.35,-220.34,-132.93,-161.68,-0.00,112823695
-0.19,0.25,-0.43,-202.27,-118.59,-152.10,-0.00,112833493
-0.26,0.43,-0.60,-153.08,-89.17,-141.11,-0.00,112838198
-0.39,0.46,-0.69,-124.76,-71.96,-132.39,-0.00,112848051
-0.34,0.52,-0.74,-95.34,-55.85,-126.46,-0.00,112857755
-0.34,0.52,-0.74,-61.58,-42.18,-125.06,-0.00,112866369
-0.28,0.54,-0.68,-61.58,-42.18,-125.06,-0.00,112875186
-0.36,0.48,-0.71,-33.26,-28.50,-128.72,-0.00,112884956
-0.47,0.44,-0.63,6.23,-4.52,-130.68,-0.00,112894740
-0.54,0.26,-0.66,13.55,0.92,-129.46,-0.00,112904509
-0.47,0.14,-0.69,26.73,7.75,-134.64,-0.00,112909222
-0.51,0.14,-0.73,36.87,18.55,-135.19,-0.00,112919014
-0.23,0.11,-0.70,48.22,26.37,-137.94,-0.00,112928793
-0.23,0.11,-0.70,58.72,39.37,-135.25,-0.00,112937601
-0.03,0.14,-0.62,65.00,51.94,-126.40,-0.00,112947295
0.22,0.05,-0.51,73.00,60.12,-117.07,-0.00,112956926
0.33,0.02,-0.41,84.96,66.47,-111.02,-0.00,112966598
0.36,0.03,-0.46,98.27,72.57,-105.22,-0.00,112976398
0.48,0.08,-0.44,116.88,78.49,-101.20,-0.00,112986165
0.59,0.08,-0.41,129.88,86.61,-91.31,-0.00,112995921
0.69,0.15,-0.38,137.39,94.30,-79.16,-0.00,113000626
0.76,0.25,-0.33,138.00,102.60,-44.07,-0.00,113010421
0.75,0.32,-0.19,121.03,99.55,-23.80,-0.00,113020185
0.75,0.40,-0.10,108.83,93.32,-5.43,-0.00,113029764
0.75,0.40,-0.10,108.83,93.32,-5.43,-0.00,113037590
0.65,0.50,0.04,94.97,85.75,8.00,-0.00,113047333
0.68,0.49,0.14,70.86,71.47,11.05,-0.00,113057097
0.60,0.64,0.17,41.75,50.35,11.78,-0.00,113066901
0.63,0.84,0.10,-5.19,1.40,-3.85,-0.00,113071539
0.71,1.21,-0.02,-8.97,-13.18,-3.85,-0.00,113081330
0.71,1.21,-0.02,-9.77,-24.11,3.23,-0.00,113089981
0.70,1.24,-0.02,-9.77,-24.11,3.23,-0.00,113098613
0.70,1.29,-0.01,-5.07,-32.10,11.72,-0.00,113108357
0.74,1.32,-0.05,2.81,-35.46,16.54,-0.00,113118151
0.86,1.31,-0.10,13.37,-34.18,16.17,-0.00,113127940
0.98,1.26,-0.11,44.07,-29.48,18.68,-0.00,113132655
1.32,1.12,-0.07,56.46,-23.93,25.09,-0.00,113142435
1.53,1.00,0.04,66.71,-20.69,34.55,-0.00,113152232
1.53,1.00,0.04,71.53,-22.22,47.06,-0.00,113160857
1.65,0.93,0.21,71.53,-22.22,47.06,-0.00,113169667
1.53,0.90,0.31,71.47,-30.09,58.90,-0.00,113179427
1.41,1.06,0.40,64.45,-66.83,94.97,-0.00,113189242
0.65,1.28,0.50,59.63,-84.72,125.55,-0.00,113199031
0.07,1.22,0.40,55.66,-99.43,151.49,-0.00,113203700
-0.43,1.13,0.58,47.85,-105.04,170.47,-0.00,113213487
-0.43,1.13,0.58,25.27,-87.95,186.52,-0.00,113222108
-0.65,1.28,0.47,25.27,-87.95,186.52,-0.00,113230753
-0.99,1.32,0.38,15.32,-84.05,203.80,-0.00,113240535
-1.23,1.49,0.39,7.45,-70.68,212.22,-0.00,113250275
-1.54,1.44,0.18,1.22,-50.90,228.70,-0.00,113260066
-1.68,1.38,0.09,-9.34,-32.47,242.49,-0.00,113264763
-1.77,1.34,-0.03,-26.18,-12.76,251.40,-0.00,113274570
-1.83,1.34,-0.05,-45.84,10.68,257.93,-0.00,113284354
-1.83,1.34,-0.05,-71.78,38.70,265.38,-0.00,113292973
-1.90,1.46,-0.40,-91.25,62.38,268.19,-0.00,113302631
-1.73,1.47,-0.56,-97.11,79.77,271.79,-0.00,113312339
-1.60,1.45,-0.57,-100.46,92.90,273.44,-0.00,113322130
-3.04,2.74,-0.80,-35.22,68.12,293.95,-0.00,113882661
-3.10,2.86,-0.90,54.02,104.80,263.43,-0.00,113892378
-2.55,2.92,-0.84,192.38,148.68,220.83,-0.00,113902234
-2.21,2.34,-0.75,192.38,148.68,220.83,-0.00,113911046
-1.88,1.87,-0.22,234.07,159.67,214.36,-0.00,113920814
-2.08,1.63,-0.06,234.80,165.83,190.31,-0.00,113930655
-1.65,1.37,0.11,222.17,160.64,160.40,-0.00,113940437
-1.72,1.44,0.25,193.18,155.94,113.71,-0.00,113945141
-1.70,1.30,0.51,120.36,138.55,90.45,-0.00,113954939
-1.46,0.87,0.64,83.07,130.98,53.53,-0.00,113964703
-1.46,0.87,0.64,58.78,118.90,6.90,-0.00,113973316
-1.00,0.67,0.50,58.78,118.90,6.90,-0.00,113982085
-0.97,0.53,0.50,41.99,102.05,-27.22,-0.00,113991880
-0.79,0.40,0.51,23.62,75.32,-55.48,-0.00,114001693
-0.78,0.24,0.56,4.39,19.90,-107.73,-0.00,114011442
-0.67,0.10,0.56,2.99,-4.58,-130.13,-0.00,114016119
-0.58,0.06,0.46,5.00,-30.76,-150.09,-0.00,114025893
-0.58,0.06,0.46,15.75,-61.58,-166.14,-0.00,114034505
-0.61,0.02,0.41,15.75,-61.58,-166.14,-0.00,114043116
-0.76,-0.01,0.34,34.42,-84.72,-176.21,-0.00,114052873
-0.91,-0.02,0.31,53.53,-88.44,-181.88,-0.00,114062658
-0.94,-0.05,0.27,81.97,-67.08,-175.66,-0.00,114072422
-1.02,-0.15,0.24,87.04,-47.79,-164.31,-0.00,114077120
-1.10,-0.18,0.22,83.19,-22.52,-151.49,-0.00,114086913
-1.20,-0.21,0.23,71.59,6.10,-142.40,-0.00,114096706
-1.20,-0.21,0.23,55.66,35.64,-134.58,-0.00,114105341
-1.13,-0.18,0.23,55.66,35.64,-134.58,-0.00,114114162
-1.14,-0.17,0.14,26.92,66.89,-121.28,-0.00,114123921
-0.90,-0.03,0.04,13.00,70.80,-121.34,-0.00,114133732
-0.76,-0.01,0.05,11.29,71.04,-125.43,-0.00,114143516
-0.68,0.04,0.07,17.03,67.50,-129.70,-0.00,114148205
-0.57,0.05,0.05,26.37,60.91,-134.77,-0.00,114157979
-0.41,0.12,0.04,41.32,54.08,-140.14,-0.00,114167775
-0.41,0.12,0.04,57.31,47.73,-145.45,-0.00,114176584
-0.21,0.07,0.07,71.17,41.14,-150.82,-0.00,114186266
-0.15,0.08,0.13,86.98,34.00,-158.26,-0.00,114195943
-0.10,0.06,0.16,103.27,28.44,-164.31,-0.00,114205692
-0.04,0.05,0.20,117.61,26.61,-169.37,-0.00,114215500
0.04,0.05,0.25,126.83,27.34,-170.96,-0.00,114225275
0.16,-0.02,0.28,127.26,27.77,-169.01,-0.00,114235030
0.27,0.04,0.40,121.15,30.03,-146.61,-0.00,114244825
0.26,-0.01,0.66,108.58,30.46,-130.19,-0.00,114249487
0.22,0.01,0.77,92.10,29.79,-119.87,-0.00,114259156
0.22,0.01,0.77,72.57,28.93,-113.16,-0.00,114267741
0.28,0.07,0.81,72.57,28.93,-113.16,-0.00,114276549
0.44,0.16,0.80,57.56,29.24,-107.54,-0.00,114286315
0.59,0.23,0.84,45.35,28.69,-103.15,-0.00,114296134
0.70,0.26,0.84,28.56,23.68,-96.13,-0.00,114305921
0.83,0.39,0.82,23.56,17.88,-91.61,-0.00,114310645
0.85,0.40,0.84,21.18,11.78,-82.76,-0.00,114320442
0.88,0.40,0.82,22.58,6.59,-73.30,-0.00,114330207
0.88,0.40,0.82,25.82,0.00,-68.54,-0.00,114338788
0.89,0.44,0.83,25.82,0.00,-68.54,-0.00,114347559
0.90,0.44,0.85,27.47,-10.19,-57.92,-0.00,114357380
0.81,0.40,0.98,22.71,-15.08,-50.96,-0.00,114367165
0.60,0.40,0.97,12.82,-21.42,-42.54,-0.00,114376965
0.57,0.41,1.00,-0.92,-27.89,-35.28,-0.00,114381628
0.50,0.47,0.97,-15.81,-30.64,-26.37,-0.00,114391418
0.50,0.47,0.97,-29.97,-29.85,-12.94,-0.00,114400032
0.40,0.54,0.94,-38.45,-27.10,1.04,-0.00,114409676
0.20,0.64,0.97,-38.88,-21.91,12.82,-0.00,114419318
0.11,0.69,0.97,-34.00,-16.36,23.01,-0.00,114429088
0.08,0.73,0.96,-23.19,-12.21,29.66,-0.00,114438889
0.08,0.74,0.96,-7.75,-9.09,33.69,-0.00,114448627
0.09,0.73,0.96,10.01,-6.65,35.83,-0.00,114458414
0.13,0.68,0.98,26.73,-7.08,36.80,-0.00,114463075
0.15,0.62,0.98,40.10,-9.03,38.09,-0.00,114472866
0.17,0.52,0.98,46.69,-18.19,41.44,-0.00,114482555
0.17,0.41,0.96,41.75,-25.33,44.01,-0.00,114492125
0.17,0.41,0.96,41.75,-25.33,44.01,-0.00,114499963
0.16,0.37,0.96,32.90,-32.96,48.77,-0.00,114509716
0.13,0.38,0.96,20.39,-39.18,54.14,-0.00,114519522
0.13,0.35,0.91,4.15,-43.03,58.72,-0.00,114529308
0.15,0.35,0.86,-21.48,-41.50,57.50,-0.00,114534032
0.17,0.35,0.76,-29.97,-35.10,54.69,-0.00,114543808
0.17,0.41,0.77,-35.28,-28.81,51.39,-0.00,114553581
0.17,0.41,0.77,-40.41,-23.80,51.45,-0.00,114562219
0.12,0.46,0.79,-40.41,-23.80,51.45,-0.00,114571020
0.04,0.51,0.80,-45.96,-21.24,56.95,-0.00,114580738
-0.39,0.63,0.47,30.15,101.26,6.90,-0.00,115137910