-0.69,-0.67,0.16,5.25,-2.38,13.55,-0.00,2023-01-10T12:53:13.961639
-0.69,-0.67,0.16,5.25,-2.38,13.55,-0.00,2023-01-10T12:53:13.967819
-0.70,-0.68,0.17,5.62,-3.05,13.43,-0.00,2023-01-10T12:53:13.977632
-0.72,-0.71,0.16,6.10,-3.05,12.82,-0.00,2023-01-10T12:53:13.987239
-0.78,-0.76,0.17,6.47,-1.83,11.84,-0.00,2023-01-10T12:53:13.996260
-0.81,-0.81,0.18,6.35,-1.22,11.66,-0.00,2023-01-10T12:53:14.005258
-0.86,-0.86,0.19,7.02,-0.55,11.90,-0.00,2023-01-10T12:53:14.014309
-0.92,-0.93,0.20,6.77,0.24,13.00,-0.00,2023-01-10T12:53:14.024001
-0.97,-0.99,0.23,7.63,1.04,15.01,-0.00,2023-01-10T12:53:14.033448
-1.03,-1.04,0.24,7.75,1.59,22.09,-0.00,2023-01-10T12:53:14.043080
-1.11,-1.10,0.25,8.24,5.13,26.25,-0.00,2023-01-10T12:53:14.052713
-1.15,-1.18,0.30,8.24,7.81,31.13,-0.00,2023-01-10T12:53:14.062217
-1.15,-1.18,0.30,8.24,7.81,31.13,-0.00,2023-01-10T12:53:14.070077
-1.20,-1.18,0.30,6.16,13.55,42.66,-0.00,2023-01-10T12:53:14.079306
-1.20,-1.16,0.30,5.25,16.36,49.13,-0.00,2023-01-10T12:53:14.089159
-1.20,-1.16,0.30,4.64,18.92,55.48,-0.00,2023-01-10T12:53:14.097782
-1.18,-1.15,0.29,5.07,20.94,61.58,-0.00,2023-01-10T12:53:14.107470
-1.13,-1.10,0.27,5.13,22.03,67.99,-0.00,2023-01-10T12:53:14.116384
-1.12,-1.08,0.26,4.58,22.52,73.79,-0.00,2023-01-10T12:53:14.125320
-1.10,-1.05,0.25,5.25,22.22,79.35,-0.00,2023-01-10T12:53:14.135073
-1.09,-1.03,0.25,6.23,21.55,85.27,-0.00,2023-01-10T12:53:14.144782
-1.07,-1.02,0.24,9.58,19.96,95.70,-0.00,2023-01-10T12:53:14.154578
-1.04,-1.01,0.24,9.58,18.80,100.95,-0.00,2023-01-10T12:53:14.163277
-1.02,-1.00,0.24,8.67,18.31,105.47,-0.00,2023-01-10T12:53:14.172344
-1.01,-0.99,0.26,7.08,18.86,109.99,-0.00,2023-01-10T12:53:14.182077
-1.01,-0.99,0.25,2.32,21.06,114.20,-0.00,2023-01-10T12:53:14.191295
-1.03,-1.00,0.25,-5.62,25.70,117.61,-0.00,2023-01-10T12:53:14.200348
-1.05,-1.00,0.27,-16.66,32.53,119.81,-0.00,2023-01-10T12:53:14.209340
-1.08,-0.94,0.28,-30.33,40.95,121.15,-0.00,2023-01-10T12:53:14.218367
-1.10,-0.85,0.31,-42.18,51.09,122.01,-0.00,2023-01-10T12:53:14.227343
-1.03,-0.70,0.29,-46.81,61.58,123.17,-0.00,2023-01-10T12:53:14.236410
-0.92,-0.62,0.26,-42.85,70.50,125.79,-0.00,2023-01-10T12:53:14.245353
-0.82,-0.64,0.25,-30.21,76.11,129.64,-0.00,2023-01-10T12:53:14.254400
-0.78,-0.67,0.22,-21.85,77.03,135.56,-0.00,2023-01-10T12:53:14.263379
-0.74,-0.71,0.18,-17.33,75.38,141.36,-0.00,2023-01-10T12:53:14.272355
-0.68,-0.72,0.18,-16.78,71.90,145.63,-0.00,2023-01-10T12:53:14.281308
-0.65,-0.70,0.18,-19.23,69.15,149.72,-0.00,2023-01-10T12:53:14.290332
-0.62,-0.68,0.19,-19.23,69.15,149.72,-0.00,2023-01-10T12:53:14.298373
-0.58,-0.65,0.21,-20.94,68.85,149.90,-0.00,2023-01-10T12:53:14.308039
-0.55,-0.60,0.23,-21.24,70.25,149.90,-0.00,2023-01-10T12:53:14.317357
-0.55,-0.60,0.23,-21.12,71.78,149.72,-0.00,2023-01-10T12:53:14.325368
-0.49,-0.58,0.23,-19.96,73.12,149.66,-0.00,2023-01-10T12:53:14.334442
-0.49,-0.58,0.23,-17.15,74.46,149.66,-0.00,2023-01-10T12:53:14.342406
-0.39,-0.54,0.19,-13.73,75.74,149.60,-0.00,2023-01-10T12:53:14.351346
-0.26,-0.54,0.19,-11.23,76.23,149.60,-0.00,2023-01-10T12:53:14.360362
-0.20,-0.54,0.18,-9.40,76.35,149.11,-0.00,2023-01-10T12:53:14.370135
-0.15,-0.56,0.17,-7.51,75.74,147.40,-0.00,2023-01-10T12:53:14.379363
-0.09,-0.57,0.17,-5.31,74.83,145.51,-0.00,2023-01-10T12:53:14.388337
-0.04,-0.57,0.16,-4.64,73.73,143.92,-0.00,2023-01-10T12:53:14.397359
0.02,-0.55,0.14,-5.55,72.81,142.33,-0.00,2023-01-10T12:53:14.406308
0.07,-0.53,0.14,-7.39,71.72,140.75,-0.00,2023-01-10T12:53:14.415249
0.13,-0.50,0.13,-8.85,70.74,138.79,-0.00,2023-01-10T12:53:14.424353
0.19,-0.48,0.12,-9.34,69.27,136.29,-0.00,2023-01-10T12:53:14.433309
0.23,-0.48,0.12,-8.24,67.32,133.12,-0.00,2023-01-10T12:53:14.443125
0.29,-0.48,0.12,-4.94,49.38,125.73,-0.00,2023-01-10T12:53:14.452492
0.34,-0.48,0.11,-4.94,49.38,125.73,-0.00,2023-01-10T12:53:14.460425
0.39,-0.47,0.10,-0.73,58.59,120.12,-0.00,2023-01-10T12:53:14.469416
0.44,-0.46,0.10,-0.73,58.59,120.12,-0.00,2023-01-10T12:53:14.477428
0.48,-0.46,0.09,0.98,52.19,113.77,-0.00,2023-01-10T12:53:14.486421
0.52,-0.45,0.10,3.48,45.17,110.17,-0.00,2023-01-10T12:53:14.496035
0.57,-0.46,0.11,3.72,41.56,106.69,-0.00,2023-01-10T12:53:14.505281
0.59,-0.46,0.13,4.21,37.72,102.66,-0.00,2023-01-10T12:53:14.515114
0.62,-0.46,0.14,6.04,33.87,97.96,-0.00,2023-01-10T12:53:14.524293
0.65,-0.47,0.14,10.19,29.79,93.08,-0.00,2023-01-10T12:53:14.534097
0.65,-0.47,0.14,14.34,26.61,88.44,-0.00,2023-01-10T12:53:14.542847
0.66,-0.50,0.14,16.78,23.62,84.35,-0.00,2023-01-10T12:53:14.552601
0.68,-0.51,0.14,16.54,21.24,80.81,-0.00,2023-01-10T12:53:14.561283
0.70,-0.50,0.14,15.50,19.23,77.51,-0.00,2023-01-10T12:53:14.571038
0.71,-0.50,0.15,15.20,15.32,70.37,-0.00,2023-01-10T12:53:14.580338
0.74,-0.50,0.15,16.48,13.73,66.96,-0.00,2023-01-10T12:53:14.590105
0.76,-0.51,0.14,17.03,11.60,63.35,-0.00,2023-01-10T12:53:14.599863
0.78,-0.51,0.13,17.33,9.46,59.57,-0.00,2023-01-10T12:53:14.609300
0.80,-0.51,0.13,17.46,7.51,55.85,-0.00,2023-01-10T12:53:14.619117
0.82,-0.51,0.12,16.97,5.31,52.25,-0.00,2023-01-10T12:53:14.628366
0.84,-0.50,0.12,16.54,3.23,48.89,-0.00,2023-01-10T12:53:14.637304
0.86,-0.48,0.11,16.05,1.22,45.65,-0.00,2023-01-10T12:53:14.646999
0.88,-0.47,0.11,16.11,-1.28,42.54,-0.00,2023-01-10T12:53:14.656843
0.89,-0.46,0.11,17.21,-7.39,35.71,-0.00,2023-01-10T12:53:14.666485
0.91,-0.45,0.10,17.76,-10.56,31.86,-0.00,2023-01-10T12:53:14.676079
0.91,-0.45,0.10,17.76,-10.56,31.86,-0.00,2023-01-10T12:53:14.683858
0.96,-0.44,0.09,18.01,-15.38,24.48,-0.00,2023-01-10T12:53:14.693403
0.97,-0.43,0.08,17.40,-17.52,20.57,-0.00,2023-01-10T12:53:14.702414
0.98,-0.42,0.08,15.75,-18.92,16.24,-0.00,2023-01-10T12:53:14.711358
0.99,-0.40,0.07,13.79,-20.02,11.35,-0.00,2023-01-10T12:53:14.720298
0.99,-0.38,0.06,11.29,-21.00,6.10,-0.00,2023-01-10T12:53:14.729278
1.00,-0.36,0.05,8.42,-21.55,0.55,-0.00,2023-01-10T12:53:14.739102
1.00,-0.36,0.05,5.25,-22.16,-4.88,-0.00,2023-01-10T12:53:14.747762
1.00,-0.33,0.03,1.77,-23.13,-11.35,-0.00,2023-01-10T12:53:14.757633
0.99,-0.32,0.02,-1.59,-23.93,-18.55,-0.00,2023-01-10T12:53:14.766397
0.98,-0.31,0.02,-4.58,-24.84,-26.25,-0.00,2023-01-10T12:53:14.775323
0.97,-0.30,0.02,-7.32,-25.70,-34.55,-0.00,2023-01-10T12:53:14.784371
0.96,-0.29,0.03,-9.83,-26.49,-51.82,-0.00,2023-01-10T12:53:14.793299
0.95,-0.27,0.03,-9.83,-26.49,-51.82,-0.00,2023-01-10T12:53:14.801397
0.93,-0.26,0.05,-14.47,-28.02,-69.15,-0.00,2023-01-10T12:53:14.810358
0.91,-0.23,0.06,-16.42,-30.27,-78.00,-0.00,2023-01-10T12:53:14.820146
0.84,-0.20,0.07,-16.30,-31.68,-86.67,-0.00,2023-01-10T12:53:14.829299
0.81,-0.18,0.08,-15.32,-33.14,-95.28,-0.00,2023-01-10T12:53:14.838363
0.77,-0.17,0.08,-13.24,-35.10,-104.19,-0.00,2023-01-10T12:53:14.847313
0.73,-0.17,0.08,-9.95,-37.29,-113.04,-0.00,2023-01-10T12:53:14.856297
0.68,-0.18,0.08,-7.02,-39.31,-121.70,-0.00,2023-01-10T12:53:14.865270
0.62,-0.19,0.08,-5.37,-41.75,-129.76,-0.00,2023-01-10T12:53:14.874362
0.57,-0.20,0.08,-4.33,-43.82,-137.51,-0.00,2023-01-10T12:53:14.883420
0.51,-0.20,0.09,-3.36,-45.90,-145.14,-0.00,2023-01-10T12:53:14.892359
0.43,-0.20,0.11,-3.42,-48.52,-152.95,-0.00,2023-01-10T12:53:14.902071
0.36,-0.20,0.10,-0.12,-52.19,-160.89,-0.00,2023-01-10T12:53:14.911364
0.29,-0.24,0.11,8.42,-55.48,-169.07,-0.00,2023-01-10T12:53:14.920343
0.21,-0.28,0.12,18.43,-58.53,-177.00,-0.00,2023-01-10T12:53:14.929337
0.12,-0.31,0.12,23.99,-76.78,-187.62,-0.00,2023-01-10T12:53:14.938317
0.02,-0.34,0.10,23.99,-76.78,-187.62,-0.00,2023-01-10T12:53:14.946406
-0.07,-0.39,0.10,27.89,-64.64,-194.52,-0.00,2023-01-10T12:53:14.955347
-0.16,-0.44,0.09,27.89,-64.64,-194.52,-0.00,2023-01-10T12:53:14.963364
-0.23,-0.49,0.08,27.34,-64.88,-196.47,-0.00,2023-01-10T12:53:14.972321
-0.30,-0.50,0.07,27.34,-64.88,-196.47,-0.00,2023-01-10T12:53:14.980340
-0.37,-0.51,0.08,16.91,-62.62,-195.68,-0.00,2023-01-10T12:53:14.989345
-0.45,-0.52,0.08,16.91,-62.62,-195.68,-0.00,2023-01-10T12:53:14.997403
-0.51,-0.53,0.09,10.99,-61.04,-194.58,-0.00,2023-01-10T12:53:15.006316
-0.58,-0.55,0.09,12.02,-63.84,-193.30,-0.00,2023-01-10T12:53:15.015354
-0.65,-0.59,0.09,12.02,-63.84,-193.30,-0.00,2023-01-10T12:53:15.023321
-0.72,-0.66,0.11,19.04,-67.87,-187.44,-0.00,2023-01-10T12:53:15.032356
-0.81,-0.74,0.12,19.04,-67.87,-187.44,-0.00,2023-01-10T12:53:15.040389
-0.87,-0.83,0.14,25.39,-68.36,-175.05,-0.00,2023-01-10T12:53:15.049341
-0.88,-0.88,0.16,25.39,-68.36,-175.05,-0.00,2023-01-10T12:53:15.057381
-0.90,-0.86,0.18,15.14,-63.72,-159.79,-0.00,2023-01-10T12:53:15.066379
-0.91,-0.80,0.21,15.14,-63.72,-159.79,-0.00,2023-01-10T12:53:15.074334
-0.91,-0.71,0.23,-2.08,-61.46,-147.09,-0.00,2023-01-10T12:53:15.083353
-0.89,-0.64,0.26,-2.08,-61.46,-147.09,-0.00,2023-01-10T12:53:15.091372
-0.91,-0.62,0.28,-7.02,-58.11,-145.94,-0.00,2023-01-10T12:53:15.100347
-0.98,-0.67,0.27,-7.02,-58.11,-145.94,-0.00,2023-01-10T12:53:15.108370
-1.01,-0.75,0.27,2.32,-52.86,-150.27,-0.00,2023-01-10T12:53:15.117341
-1.07,-0.84,0.26,2.32,-52.86,-150.27,-0.00,2023-01-10T12:53:15.125309
-1.13,-0.91,0.23,0.73,-35.52,-149.17,-0.00,2023-01-10T12:53:15.135122
-1.14,-0.94,0.24,-5.25,-29.30,-146.73,-0.00,2023-01-10T12:53:15.144461
-1.14,-0.94,0.24,-9.09,-23.99,-142.21,-0.00,2023-01-10T12:53:15.152472
-1.10,-0.85,0.25,-6.10,-22.83,-135.50,-0.00,2023-01-10T12:53:15.162077
-1.03,-0.76,0.26,3.60,-25.76,-127.81,-0.00,2023-01-10T12:53:15.171278
-1.05,-0.81,0.20,14.65,-30.03,-118.96,-0.00,2023-01-10T12:53:15.181075
-1.08,-0.97,0.18,23.86,-34.06,-111.57,-0.00,2023-01-10T12:53:15.190293
-1.13,-1.08,0.20,23.44,-38.39,-105.90,-0.00,2023-01-10T12:53:15.199331
-1.21,-1.10,0.20,10.25,-41.32,-101.32,-0.00,2023-01-10T12:53:15.208430
-1.25,-1.08,0.23,-2.26,-41.02,-99.12,-0.00,2023-01-10T12:53:15.217340
-1.26,-1.05,0.31,-9.34,-37.96,-98.33,-0.00,2023-01-10T12:53:15.226395
-1.31,-1.04,0.36,-15.32,-33.14,-95.40,-0.00,2023-01-10T12:53:15.236248
-1.35,-1.07,0.39,-19.96,-26.92,-85.45,-0.00,2023-01-10T12:53:15.245357
-1.37,-1.09,0.43,-19.96,-26.92,-85.45,-0.00,2023-01-10T12:53:15.253477
-1.38,-1.10,0.46,-27.34,-11.96,-73.43,-0.00,2023-01-10T12:53:15.262360
-1.42,-1.12,0.46,-27.34,-11.96,-73.43,-0.00,2023-01-10T12:53:15.270391
-1.47,-1.10,0.49,-27.65,3.36,-60.67,-0.00,2023-01-10T12:53:15.279336
-1.62,-1.49,0.54,-27.65,3.36,-60.67,-0.00,2023-01-10T12:53:15.287327
-2.44,-2.82,0.72,-5.92,33.14,-79.10,-0.00,2023-01-10T12:53:15.297051
-2.51,-2.11,0.62,-75.07,27.10,-43.40,-0.00,2023-01-10T12:53:15.306332
-2.51,-2.11,0.62,-69.27,31.98,-7.81,-0.00,2023-01-10T12:53:15.314315
-1.37,-1.02,0.58,-27.10,33.75,17.33,-0.00,2023-01-10T12:53:15.323310
-1.28,-1.16,0.56,4.82,26.73,34.85,-0.00,2023-01-10T12:53:15.333062
-1.14,-1.07,0.45,15.50,16.30,56.64,-0.00,2023-01-10T12:53:15.342375
-1.17,-1.03,0.31,28.99,1.59,69.40,-0.00,2023-01-10T12:53:15.351374
-1.10,-1.00,0.25,42.48,-11.17,72.45,-0.00,2023-01-10T12:53:15.360314
-1.06,-1.03,0.17,48.71,-14.47,77.82,-0.00,2023-01-10T12:53:15.369375
-1.03,-1.02,0.17,45.35,-15.93,83.19,-0.00,2023-01-10T12:53:15.379096
-1.02,-0.98,0.24,38.39,-17.27,87.89,-0.00,2023-01-10T12:53:15.388350
-1.03,-0.97,0.31,35.34,-17.64,91.37,-0.00,2023-01-10T12:53:15.398043
-1.08,-0.97,0.36,36.68,-18.68,93.81,-0.00,2023-01-10T12:53:15.407335
-1.14,-0.98,0.38,47.24,-15.87,95.09,-0.00,2023-01-10T12:53:15.417057
-1.16,-1.02,0.32,49.62,-10.38,98.57,-0.00,2023-01-10T12:53:15.426490
-1.13,-1.01,0.29,45.90,-3.78,104.06,-0.00,2023-01-10T12:53:15.435469
-1.08,-1.00,0.24,38.09,3.05,110.23,-0.00,2023-01-10T12:53:15.444481
-1.06,-0.99,0.21,29.54,10.01,115.72,-0.00,2023-01-10T12:53:15.453361
-1.02,-0.97,0.19,21.73,15.81,119.32,-0.00,2023-01-10T12:53:15.463066
-1.00,-0.97,0.15,14.04,21.24,120.06,-0.00,2023-01-10T12:53:15.472312
-0.98,-0.97,0.14,7.14,26.79,119.75,-0.00,2023-01-10T12:53:15.481408
-0.98,-0.99,0.13,-0.12,32.53,117.86,-0.00,2023-01-10T12:53:15.490367
-1.01,-1.02,0.15,-9.28,39.43,115.30,-0.00,2023-01-10T12:53:15.500074
-1.06,-1.04,0.18,-36.74,57.07,112.24,-0.00,2023-01-10T12:53:15.509845
-1.11,-1.03,0.19,-45.53,68.54,111.94,-0.00,2023-01-10T12:53:15.519486
-1.20,-0.96,0.22,-52.43,81.91,113.34,-0.00,2023-01-10T12:53:15.528389
-1.20,-0.96,0.22,-53.22,93.20,118.29,-0.00,2023-01-10T12:53:15.536552
-0.95,-0.76,0.21,-49.68,100.34,125.61,-0.00,2023-01-10T12:53:15.545391
-0.95,-0.76,0.21,-43.76,102.48,135.25,-0.00,2023-01-10T12:53:15.553436
-0.80,-0.66,0.18,-35.40,100.04,144.90,-0.00,2023-01-10T12:53:15.562359
-0.80,-0.66,0.18,-28.08,94.24,153.08,-0.00,2023-01-10T12:53:15.570418
-0.74,-0.64,0.17,-23.74,86.85,159.30,-0.00,2023-01-10T12:53:15.579414
-0.74,-0.64,0.17,-20.26,79.71,163.21,-0.00,2023-01-10T12:53:15.587379
-0.69,-0.63,0.22,-16.17,74.46,164.92,-0.00,2023-01-10T12:53:15.597099
-0.68,-0.65,0.21,-14.10,72.14,164.67,-0.00,2023-01-10T12:53:15.606417
-0.68,-0.65,0.22,-14.65,72.88,163.94,-0.00,2023-01-10T12:53:15.616128
-0.68,-0.65,0.22,-16.36,75.32,163.70,-0.00,2023-01-10T12:53:15.624857
-0.64,-0.59,0.24,-17.64,79.35,163.70,-0.00,2023-01-10T12:53:15.634341
-0.61,-0.57,0.23,-17.40,84.47,163.64,-0.00,2023-01-10T12:53:15.643464
-0.57,-0.57,0.23,-15.81,89.90,163.94,-0.00,2023-01-10T12:53:15.652526
-0.51,-0.56,0.22,-14.83,95.52,163.76,-0.00,2023-01-10T12:53:15.661434
-0.44,-0.53,0.20,-15.38,101.01,163.33,-0.00,2023-01-10T12:53:15.670371
-0.36,-0.49,0.19,-15.26,105.47,161.25,-0.00,2023-01-10T12:53:15.680149
-0.27,-0.46,0.18,-15.26,105.47,161.25,-0.00,2023-01-10T12:53:15.688345
-0.20,-0.43,0.16,-8.18,105.41,158.81,-0.00,2023-01-10T12:53:15.697307
-0.14,-0.45,0.14,-8.18,105.41,158.81,-0.00,2023-01-10T12:53:15.705338
-0.06,-0.44,0.12,1.28,96.68,158.02,-0.00,2023-01-10T12:53:15.714291
0.01,-0.42,0.11,1.28,96.68,158.02,-0.00,2023-01-10T12:53:15.722285
0.06,-0.41,0.09,12.39,85.39,156.56,-0.00,2023-01-10T12:53:15.732008
0.12,-0.41,0.08,18.37,78.25,155.52,-0.00,2023-01-10T12:53:15.741515
0.19,-0.43,0.05,24.29,71.78,154.54,-0.00,2023-01-10T12:53:15.750293
0.23,-0.46,0.03,29.72,66.04,153.81,-0.00,2023-01-10T12:53:15.759417
0.26,-0.47,0.03,31.19,60.00,152.71,-0.00,2023-01-10T12:53:15.769190
0.26,-0.47,0.03,31.19,55.30,151.67,-0.00,2023-01-10T12:53:15.777875
0.30,-0.46,0.02,32.41,50.54,150.82,-0.00,2023-01-10T12:53:15.787473
0.39,-0.44,0.02,35.34,45.78,148.99,-0.00,2023-01-10T12:53:15.796317
0.42,-0.45,0.02,37.41,40.77,147.52,-0.00,2023-01-10T12:53:15.806082
0.44,-0.50,0.02,39.25,36.13,145.69,-0.00,2023-01-10T12:53:15.815820
0.47,-0.52,0.02,34.91,28.69,142.46,-0.00,2023-01-10T12:53:15.825548
0.49,-0.50,0.02,34.91,28.69,142.46,-0.00,2023-01-10T12:53:15.833464
0.52,-0.47,0.02,32.29,23.25,140.56,-0.00,2023-01-10T12:53:15.843211
0.55,-0.46,0.03,33.08,20.57,139.53,-0.00,2023-01-10T12:53:15.852917
0.57,-0.46,0.03,32.47,17.76,138.92,-0.00,2023-01-10T12:53:15.862527
0.60,-0.45,0.03,32.47,17.76,138.92,-0.00,2023-01-10T12:53:15.871221
0.61,-0.44,0.03,30.33,14.40,138.49,-0.00,2023-01-10T12:53:15.880912
0.63,-0.43,0.03,28.32,8.91,136.84,-0.00,2023-01-10T12:53:15.890608
0.66,-0.44,0.03,27.89,7.08,135.38,-0.00,2023-01-10T12:53:15.900334
0.68,-0.43,0.03,26.67,6.10,133.00,-0.00,2023-01-10T12:53:15.910013
0.69,-0.41,0.02,23.32,5.19,130.43,-0.00,2023-01-10T12:53:15.914698
0.71,-0.41,0.01,20.81,5.55,127.69,-0.00,2023-01-10T12:53:15.924286
0.73,-0.41,0.01,19.65,6.10,124.51,-0.00,2023-01-10T12:53:15.933327
0.76,-0.40,0.01,17.76,6.71,121.77,-0.00,2023-01-10T12:53:15.942322
0.77,-0.40,-0.00,15.62,7.26,118.90,-0.00,2023-01-10T12:53:15.952207
0.79,-0.43,-0.00,10.44,9.16,112.18,-0.00,2023-01-10T12:53:15.961852
0.80,-0.38,-0.00,5.49,10.56,109.56,-0.00,2023-01-10T12:53:15.971457
0.80,-0.38,-0.00,5.49,10.56,109.56,-0.00,2023-01-10T12:53:15.979257
0.83,-0.34,0.00,1.83,12.08,107.18,-0.00,2023-01-10T12:53:15.988883
0.86,-0.31,0.01,0.18,12.94,104.61,-0.00,2023-01-10T12:53:15.998590
0.90,-0.27,0.01,0.61,10.68,99.98,-0.00,2023-01-10T12:53:16.007316
0.91,-0.27,0.01,1.16,7.93,97.78,-0.00,2023-01-10T12:53:16.016289
0.92,-0.27,0.01,1.40,5.55,95.83,-0.00,2023-01-10T12:53:16.025992
0.95,-0.26,0.01,0.73,2.93,93.87,-0.00,2023-01-10T12:53:16.035252
0.97,-0.26,0.02,0.37,0.37,91.86,-0.00,2023-01-10T12:53:16.044994
0.99,-0.25,0.03,0.61,-2.20,89.60,-0.00,2023-01-10T12:53:16.054488
1.01,-0.25,0.04,1.59,-7.51,84.59,-0.00,2023-01-10T12:53:16.064089
1.02,-0.24,0.06,1.28,-9.52,83.07,-0.00,2023-01-10T12:53:16.073832
1.03,-0.18,0.08,1.28,-11.72,81.48,-0.00,2023-01-10T12:53:16.083356
1.06,-0.15,0.09,3.17,-14.04,79.71,-0.00,2023-01-10T12:53:16.092297
1.10,-0.12,0.10,6.16,-16.72,78.25,-0.00,2023-01-10T12:53:16.101271
1.12,-0.08,0.10,7.32,-19.41,77.27,-0.00,2023-01-10T12:53:16.110357
1.15,-0.04,0.09,8.42,-22.28,76.72,-0.00,2023-01-10T12:53:16.120076
1.15,-0.04,0.09,11.29,-25.27,75.68,-0.00,2023-01-10T12:53:16.128817
1.20,0.03,0.09,11.54,-27.77,74.52,-0.00,2023-01-10T12:53:16.138470
1.25,0.09,0.09,11.17,-30.82,72.69,-0.00,2023-01-10T12:53:16.148040
1.28,0.14,0.11,11.84,-34.00,69.46,-0.00,2023-01-10T12:53:16.157349
1.31,0.19,0.12,16.97,-40.47,58.84,-0.00,2023-01-10T12:53:16.167041
1.33,0.23,0.15,22.09,-43.46,51.33,-0.00,2023-01-10T12:53:16.176822
1.33,0.23,0.15,26.00,-45.53,42.79,-0.00,2023-01-10T12:53:16.185662
1.33,0.21,0.17,26.00,-45.53,42.79,-0.00,2023-01-10T12:53:16.194234
1.31,0.18,0.17,28.14,-46.33,34.36,-0.00,2023-01-10T12:53:16.203888
1.27,0.14,0.16,26.98,-46.08,19.59,-0.00,2023-01-10T12:53:16.213652
1.25,0.12,0.17,17.88,-42.97,11.72,-0.00,2023-01-10T12:53:16.223288
1.22,0.12,0.20,13.43,-37.96,2.69,-0.00,2023-01-10T12:53:16.233071
1.20,0.12,0.20,10.31,-30.82,-6.65,-0.00,2023-01-10T12:53:16.242813
1.19,0.12,0.21,7.63,-24.78,-15.87,-0.00,2023-01-10T12:53:16.247308
1.18,0.12,0.22,3.66,-18.31,-24.84,-0.00,2023-01-10T12:53:16.257157
1.18,0.11,0.23,1.34,-12.51,-34.12,-0.00,2023-01-10T12:53:16.266340
1.18,0.10,0.23,-0.24,-7.57,-41.93,-0.00,2023-01-10T12:53:16.275314
1.18,0.09,0.23,-1.59,-4.21,-49.01,-0.00,2023-01-10T12:53:16.285011
1.17,0.09,0.24,-4.15,-2.50,-60.06,-0.00,2023-01-10T12:53:16.294811
1.16,0.10,0.24,-4.33,-3.11,-65.25,-0.00,2023-01-10T12:53:16.304262
1.15,0.10,0.24,-3.36,-4.82,-70.31,-0.00,2023-01-10T12:53:16.313286
1.13,0.10,0.24,-1.83,-6.90,-74.04,-0.00,2023-01-10T12:53:16.323085
1.11,0.09,0.23,-0.31,-8.97,-78.19,-0.00,2023-01-10T12:53:16.332321
1.09,0.08,0.22,1.46,-10.74,-82.28,-0.00,2023-01-10T12:53:16.342016
1.07,0.06,0.22,3.23,-12.27,-86.73,-0.00,2023-01-10T12:53:16.351370
1.06,0.05,0.21,4.39,-13.43,-91.37,-0.00,2023-01-10T12:53:16.361199
1.04,0.04,0.20,5.00,-13.85,-96.13,-0.00,2023-01-10T12:53:16.370334
1.03,0.03,0.19,4.82,-14.16,-105.04,-0.00,2023-01-10T12:53:16.379325
1.01,0.02,0.18,3.36,-14.40,-109.86,-0.00,2023-01-10T12:53:16.389021
0.96,0.02,0.15,2.69,-14.53,-115.36,-0.00,2023-01-10T12:53:16.398316
0.94,0.01,0.15,2.50,-15.20,-120.91,-0.00,2023-01-10T12:53:16.408129
0.94,0.01,0.15,2.32,-15.87,-126.59,-0.00,2023-01-10T12:53:16.416801
0.92,0.01,0.13,2.08,-16.30,-131.90,-0.00,2023-01-10T12:53:16.426527
0.85,-0.00,0.11,1.46,-16.78,-138.12,-0.00,2023-01-10T12:53:16.435388
0.82,-0.01,0.09,0.12,-17.15,-144.23,-0.00,2023-01-10T12:53:16.444372
0.79,-0.02,0.08,-1.46,-17.46,-150.45,-0.00,2023-01-10T12:53:16.453338
0.75,-0.04,0.07,-3.17,-17.70,-156.74,-0.00,2023-01-10T12:53:16.462310
0.72,-0.04,0.07,-5.92,-17.88,-162.66,-0.00,2023-01-10T12:53:16.471286
0.69,-0.04,0.07,-9.46,-18.55,-168.27,-0.00,2023-01-10T12:53:16.480260
0.65,-0.03,0.07,-13.12,-19.65,-179.38,-0.00,2023-01-10T12:53:16.490076
0.60,-0.01,0.07,-13.12,-19.65,-179.38,-0.00,2023-01-10T12:53:16.498384
0.56,0.00,0.06,-19.23,-26.61,-191.28,-0.00,2023-01-10T12:53:16.507335
0.52,0.00,0.06,-19.23,-26.61,-191.28,-0.00,2023-01-10T12:53:16.515381
0.46,-0.00,0.06,-16.85,-31.68,-203.19,-0.00,2023-01-10T12:53:16.524365
0.40,-0.02,0.05,-16.85,-31.68,-203.19,-0.00,2023-01-10T12:53:16.532359
0.34,-0.04,0.04,-15.01,-35.64,-214.42,-0.00,2023-01-10T12:53:16.541392
0.29,-0.05,0.04,-15.01,-35.64,-214.42,-0.00,2023-01-10T12:53:16.549379
0.23,-0.04,0.04,-17.82,-37.41,-223.88,-0.00,2023-01-10T12:53:16.558353
0.18,-0.01,0.05,-17.82,-37.41,-223.88,-0.00,2023-01-10T12:53:16.566362
0.11,0.02,0.04,-21.00,-43.09,-231.93,-0.00,2023-01-10T12:53:16.575350
0.03,0.03,0.05,-21.00,-43.09,-231.93,-0.00,2023-01-10T12:53:16.583392
-0.05,0.02,0.06,-11.66,-51.57,-242.80,-0.00,2023-01-10T12:53:16.592379
-0.13,-0.00,0.05,-11.66,-51.57,-242.80,-0.00,2023-01-10T12:53:16.600415
-0.22,-0.06,0.05,9.64,-63.90,-252.38,-0.00,2023-01-10T12:53:16.609352
-0.33,-0.14,0.06,9.64,-63.90,-252.38,-0.00,2023-01-10T12:53:16.617378
-0.45,-0.22,0.05,24.78,-73.55,-255.13,-0.00,2023-01-10T12:53:16.626483
-0.55,-0.33,0.05,27.65,-76.60,-256.77,-0.00,2023-01-10T12:53:16.635475
-0.66,-0.43,0.06,27.65,-76.60,-256.77,-0.00,2023-01-10T12:53:16.643375
-0.76,-0.47,0.05,6.59,-74.10,-253.36,-0.00,2023-01-10T12:53:16.652475
-0.85,-0.50,0.05,6.59,-74.10,-253.36,-0.00,2023-01-10T12:53:16.660350
-0.94,-0.52,0.06,9.95,-69.03,-247.62,-0.00,2023-01-10T12:53:16.669447
-1.02,-0.56,0.05,9.95,-69.03,-247.62,-0.00,2023-01-10T12:53:16.677435
-1.10,-0.59,0.06,10.56,-65.19,-237.43,-0.00,2023-01-10T12:53:16.686456
-1.18,-0.69,0.06,10.56,-65.19,-237.43,-0.00,2023-01-10T12:53:16.694361
-1.26,-0.76,0.10,2.38,-63.78,-216.98,-0.00,2023-01-10T12:53:16.703360
-1.26,-0.83,0.12,2.38,-63.78,-216.98,-0.00,2023-01-10T12:53:16.711507
-1.24,-0.82,0.17,-4.70,-64.64,-191.41,-0.00,2023-01-10T12:53:16.720329
-1.23,-0.78,0.21,-4.70,-64.64,-191.41,-0.00,2023-01-10T12:53:16.728433
-1.22,-0.76,0.26,-17.46,-70.62,-168.46,-0.00,2023-01-10T12:53:16.738109
-1.23,-0.78,0.39,-12.82,-73.97,-161.19,-0.00,2023-01-10T12:53:16.747304
-1.23,-0.78,0.39,-6.10,-76.66,-156.43,-0.00,2023-01-10T12:53:16.755354
-1.28,-0.96,0.46,-0.67,-76.97,-154.30,-0.00,2023-01-10T12:53:16.764285
-1.28,-0.96,0.46,5.62,-73.36,-153.38,-0.00,2023-01-10T12:53:16.772303
-1.47,-1.03,0.48,10.44,-67.08,-152.77,-0.00,2023-01-10T12:53:16.781294
-1.47,-1.03,0.48,15.87,-57.56,-151.49,-0.00,2023-01-10T12:53:16.789305
-1.60,-1.14,0.41,22.71,-48.16,-146.06,-0.00,2023-01-10T12:53:16.798340
-1.47,-1.11,0.39,30.21,-41.08,-135.74,-0.00,2023-01-10T12:53:16.807351
-1.47,-1.11,0.39,37.48,-34.06,-123.47,-0.00,2023-01-10T12:53:16.815444
-1.41,-1.30,0.26,35.22,-32.71,-108.03,-0.00,2023-01-10T12:53:16.824331
-1.41,-1.30,0.26,39.37,-36.68,-93.93,-0.00,2023-01-10T12:53:16.832333
-1.44,-1.51,0.32,37.90,-38.94,-84.53,-0.00,2023-01-10T12:53:16.841323
-1.44,-1.51,0.32,17.09,-42.24,-74.71,-0.00,2023-01-10T12:53:16.849329
-1.48,-1.40,0.45,-0.73,-42.97,-66.96,-0.00,2023-01-10T12:53:16.858309
-1.48,-1.30,0.53,-6.71,-41.14,-59.14,-0.00,2023-01-10T12:53:16.868060
-1.46,-1.24,0.57,-7.20,-37.23,-49.80,-0.00,2023-01-10T12:53:16.877488
-1.45,-1.21,0.57,-8.12,-31.62,-38.15,-0.00,2023-01-10T12:53:16.887013
-1.46,-1.22,0.55,-6.96,-24.11,-27.71,-0.00,2023-01-10T12:53:16.896307
-1.47,-1.28,0.51,-2.62,-14.77,-19.53,-0.00,2023-01-10T12:53:16.905307
-1.45,-1.35,0.48,2.75,-4.64,-13.49,-0.00,2023-01-10T12:53:16.914284
-1.42,-1.41,0.46,5.74,4.58,-8.12,-0.00,2023-01-10T12:53:16.923288
-1.39,-1.42,0.44,5.07,11.35,-2.93,-0.00,2023-01-10T12:53:16.933009
-1.35,-1.39,0.46,4.46,15.69,11.47,-0.00,2023-01-10T12:53:16.942733
-1.32,-1.27,0.48,9.70,13.49,21.30,-0.00,2023-01-10T12:53:16.952414
-1.32,-1.27,0.48,9.70,13.49,21.30,-0.00,2023-01-10T12:53:16.960110
-1.25,-1.21,0.47,17.15,9.40,32.65,-0.00,2023-01-10T12:53:16.969912
-1.22,-1.17,0.44,25.51,4.70,45.23,-0.00,2023-01-10T12:53:16.979392
-1.16,-1.12,0.35,37.96,-2.99,68.24,-0.00,2023-01-10T12:53:16.988260
-1.13,-1.10,0.30,39.73,-4.15,77.64,-0.00,2023-01-10T12:53:16.997276
-1.09,-1.09,0.27,39.25,-3.60,84.59,-0.00,2023-01-10T12:53:17.006284
-1.06,-1.09,0.25,37.78,-1.22,89.48,-0.00,2023-01-10T12:53:17.016078
-1.04,-1.07,0.25,34.91,1.65,93.20,-0.00,2023-01-10T12:53:17.025330
-1.03,-1.06,0.23,31.31,4.82,95.58,-0.00,2023-01-10T12:53:17.035061
-1.01,-1.05,0.21,27.59,9.28,98.39,-0.00,2023-01-10T12:53:17.044509
-1.00,-1.05,0.19,19.23,19.78,99.37,-0.00,2023-01-10T12:53:17.054076
-0.98,-1.04,0.17,13.37,25.33,100.65,-0.00,2023-01-10T12:53:17.063252
-0.97,-1.04,0.17,6.84,30.52,101.99,-0.00,2023-01-10T12:53:17.072261
-0.99,-1.04,0.19,-1.04,35.77,102.84,-0.00,2023-01-10T12:53:17.082054
-1.00,-1.02,0.20,-10.01,41.93,103.94,-0.00,2023-01-10T12:53:17.091346
-1.01,-0.99,0.19,-19.47,48.52,105.47,-0.00,2023-01-10T12:53:17.101092
-1.07,-0.99,0.20,-27.83,56.09,105.96,-0.00,2023-01-10T12:53:17.110507
-1.08,-0.96,0.19,-34.30,65.49,107.42,-0.00,2023-01-10T12:53:17.119360
-0.99,-0.88,0.18,-37.48,74.71,110.60,-0.00,2023-01-10T12:53:17.128351
-0.91,-0.80,0.17,-36.80,81.60,114.81,-0.00,2023-01-10T12:53:17.137332
-0.85,-0.72,0.18,-33.08,84.23,121.09,-0.00,2023-01-10T12:53:17.146316
-0.79,-0.68,0.17,-27.22,78.67,134.52,-0.00,2023-01-10T12:53:17.155349
-0.72,-0.67,0.17,-27.22,78.67,134.52,-0.00,2023-01-10T12:53:17.163377
-0.68,-0.67,0.16,-14.22,67.69,144.53,-0.00,2023-01-10T12:53:17.172327
-0.65,-0.68,0.16,-8.12,63.54,146.42,-0.00,2023-01-10T12:53:17.182078
-0.62,-0.70,0.18,-6.10,61.16,146.67,-0.00,2023-01-10T12:53:17.191293
-0.63,-0.73,0.20,-5.68,61.10,146.06,-0.00,2023-01-10T12:53:17.200354
-0.64,-0.74,0.21,-7.32,62.93,145.32,-0.00,2023-01-10T12:53:17.210101
-0.63,-0.74,0.21,-10.68,66.77,144.90,-0.00,2023-01-10T12:53:17.219468
-0.63,-0.72,0.22,-15.20,71.84,144.47,-0.00,2023-01-10T12:53:17.228406
-0.62,-0.70,0.22,-19.53,77.82,143.80,-0.00,2023-01-10T12:53:17.237348
-0.59,-0.69,0.22,-21.30,84.53,143.31,-0.00,2023-01-10T12:53:17.246351
-0.56,-0.67,0.21,-21.85,90.94,142.52,-0.00,2023-01-10T12:53:17.255406
-0.51,-0.67,0.22,-21.73,96.74,141.91,-0.00,2023-01-10T12:53:17.264308
-0.44,-0.66,0.22,-20.39,100.89,142.27,-0.00,2023-01-10T12:53:17.274094
-0.38,-0.66,0.21,-14.28,103.39,142.94,-0.00,2023-01-10T12:53:17.283345
-0.34,-0.66,0.18,-11.47,102.66,143.92,-0.00,2023-01-10T12:53:17.293174
-0.34,-0.66,0.18,-8.85,100.89,145.20,-0.00,2023-01-10T12:53:17.301430
-0.21,-0.63,0.16,-7.69,99.18,146.42,-0.00,2023-01-10T12:53:17.310387
-0.21,-0.63,0.16,-5.86,97.35,147.77,-0.00,2023-01-10T12:53:17.318388
-0.09,-0.56,0.13,-3.17,94.48,148.99,-0.00,2023-01-10T12:53:17.327383
-0.09,-0.56,0.13,1.04,91.00,150.21,-0.00,2023-01-10T12:53:17.335492
0.04,-0.52,0.10,6.35,87.16,151.31,-0.00,2023-01-10T12:53:17.344307
0.04,-0.52,0.10,12.21,82.46,151.92,-0.00,2023-01-10T12:53:17.352474
0.16,-0.49,0.06,17.27,77.76,153.08,-0.00,2023-01-10T12:53:17.361349
0.16,-0.49,0.06,21.97,72.94,153.56,-0.00,2023-01-10T12:53:17.369387
0.22,-0.49,0.01,27.16,67.57,153.56,-0.00,2023-01-10T12:53:17.378995
0.35,-0.47,0.03,30.70,60.61,153.44,-0.00,2023-01-10T12:53:17.388255
0.39,-0.46,0.02,33.51,53.16,153.63,-0.00,2023-01-10T12:53:17.397307
0.42,-0.46,0.02,37.11,45.59,153.50,-0.00,2023-01-10T12:53:17.407056
0.44,-0.45,0.02,39.98,37.90,153.56,-0.00,2023-01-10T12:53:17.416344
0.44,-0.45,0.02,40.71,30.94,153.38,-0.00,2023-01-10T12:53:17.425243
0.45,-0.47,0.03,40.41,25.09,152.28,-0.00,2023-01-10T12:53:17.435175
0.47,-0.47,0.04,39.79,20.14,150.76,-0.00,2023-01-10T12:53:17.444442
0.48,-0.46,0.04,38.09,13.12,146.97,-0.00,2023-01-10T12:53:17.454039
0.50,-0.47,0.05,38.57,11.78,144.35,-0.00,2023-01-10T12:53:17.463346
0.53,-0.49,0.06,36.13,10.99,142.27,-0.00,2023-01-10T12:53:17.472302
0.53,-0.49,0.06,31.31,10.44,141.05,-0.00,2023-01-10T12:53:17.480358
0.53,-0.50,0.05,28.50,11.05,139.10,-0.00,2023-01-10T12:53:17.490039
0.55,-0.52,0.06,25.45,12.08,136.78,-0.00,2023-01-10T12:53:17.499308
0.58,-0.50,0.06,21.06,13.43,135.44,-0.00,2023-01-10T12:53:17.508368
0.60,-0.47,0.06,17.40,15.08,134.64,-0.00,2023-01-10T12:53:17.517292
0.60,-0.45,0.06,13.79,16.42,133.97,-0.00,2023-01-10T12:53:17.527100
0.60,-0.45,0.06,10.68,17.33,133.30,-0.00,2023-01-10T12:53:17.535857
0.64,-0.37,0.06,9.40,17.70,132.69,-0.00,2023-01-10T12:53:17.545324
0.68,-0.35,0.06,9.95,16.78,131.59,-0.00,2023-01-10T12:53:17.554305
0.71,-0.34,0.05,11.72,14.95,130.31,-0.00,2023-01-10T12:53:17.563322
0.74,-0.34,0.04,13.12,12.51,129.27,-0.00,2023-01-10T12:53:17.572281
0.77,-0.33,0.03,13.18,9.46,127.32,-0.00,2023-01-10T12:53:17.581274
0.80,-0.31,0.03,13.43,3.60,125.61,-0.00,2023-01-10T12:53:17.590992
0.85,-0.31,0.03,13.43,1.34,123.47,-0.00,2023-01-10T12:53:17.600296
0.86,-0.30,0.04,13.00,-0.31,121.77,-0.00,2023-01-10T12:53:17.609308
0.87,-0.29,0.04,11.54,-1.53,119.51,-0.00,2023-01-10T12:53:17.619160
0.87,-0.30,0.04,10.99,-1.89,116.82,-0.00,2023-01-10T12:53:17.628321
0.88,-0.29,0.05,10.62,-1.53,113.89,-0.00,2023-01-10T12:53:17.637303
0.90,-0.26,0.06,8.73,-1.16,111.21,-0.00,2023-01-10T12:53:17.646265
0.90,-0.22,0.07,7.39,-0.85,108.64,-0.00,2023-01-10T12:53:17.655943
0.90,-0.18,0.08,7.14,-0.73,106.69,-0.00,2023-01-10T12:53:17.665838
0.92,-0.17,0.07,8.97,-1.28,101.68,-0.00,2023-01-10T12:53:17.675277
0.95,-0.18,0.07,12.15,-3.66,99.67,-0.00,2023-01-10T12:53:17.684946
1.01,-0.14,0.09,10.50,-5.43,98.33,-0.00,2023-01-10T12:53:17.694358
1.06,-0.12,0.09,9.22,-7.57,96.50,-0.00,2023-01-10T12:53:17.703328
1.08,-0.08,0.09,8.36,-10.07,94.67,-0.00,2023-01-10T12:53:17.712339
1.12,-0.03,0.10,9.40,-12.82,92.10,-0.00,2023-01-10T12:53:17.721263
1.13,0.03,0.08,10.07,-14.95,88.68,-0.00,2023-01-10T12:53:17.731004
1.16,0.07,0.08,10.19,-16.05,84.90,-0.00,2023-01-10T12:53:17.740300
1.20,0.11,0.07,13.12,-16.78,81.24,-0.00,2023-01-10T12:53:17.750062
1.23,0.17,0.07,14.89,-17.46,76.54,-0.00,2023-01-10T12:53:17.759738
1.26,0.26,0.09,15.32,-14.10,63.48,-0.00,2023-01-10T12:53:17.769528
1.29,0.37,0.12,22.95,-9.40,51.57,-0.00,2023-01-10T12:53:17.779169
1.29,0.37,0.12,32.96,-2.08,36.01,-0.00,2023-01-10T12:53:17.787297
1.34,0.31,0.04,38.21,6.10,20.08,-0.00,2023-01-10T12:53:17.796960
1.36,0.13,0.00,32.23,14.71,7.57,-0.00,2023-01-10T12:53:17.806229
1.37,0.13,-0.02,15.20,23.86,-1.53,-0.00,2023-01-10T12:53:17.815985
1.37,0.13,-0.02,-7.20,33.33,-10.80,-0.00,2023-01-10T12:53:17.824712
1.42,0.22,-0.00,-25.70,41.26,-21.06,-0.00,2023-01-10T12:53:17.834440
1.48,0.40,0.06,-34.12,45.47,-30.52,-0.00,2023-01-10T12:53:17.844339
1.49,0.40,0.09,-31.86,45.04,-39.31,-0.00,2023-01-10T12:53:17.853328
1.46,0.36,0.09,-24.90,35.34,-49.56,-0.00,2023-01-10T12:53:17.863012
1.44,0.29,0.04,-13.24,27.53,-52.61,-0.00,2023-01-10T12:53:17.872758
1.44,0.29,0.04,-10.38,19.47,-55.79,-0.00,2023-01-10T12:53:17.881453
1.38,0.25,0.03,-10.38,19.47,-55.79,-0.00,2023-01-10T12:53:17.890229
1.34,0.22,0.02,-2.26,5.49,-63.48,-0.00,2023-01-10T12:53:17.899251
1.30,0.19,0.01,1.59,-0.12,-67.87,-0.00,2023-01-10T12:53:17.908972
1.27,0.16,0.01,4.21,-4.94,-72.14,-0.00,2023-01-10T12:53:17.918259
1.23,0.14,0.01,4.88,-9.22,-76.35,-0.00,2023-01-10T12:53:17.928110
1.23,0.14,0.01,4.33,-12.51,-80.81,-0.00,2023-01-10T12:53:17.936772
1.18,0.09,0.01,3.42,-14.53,-85.33,-0.00,2023-01-10T12:53:17.946443
1.15,0.07,0.02,1.53,-16.17,-89.48,-0.00,2023-01-10T12:53:17.955965
1.12,0.05,0.03,-0.49,-18.80,-96.37,-0.00,2023-01-10T12:53:17.965316
1.09,0.04,0.04,-0.49,-18.80,-96.37,-0.00,2023-01-10T12:53:17.973360
1.06,0.02,0.04,-1.65,-22.58,-101.81,-0.00,2023-01-10T12:53:17.982964
1.00,-0.01,0.05,-0.67,-25.09,-104.86,-0.00,2023-01-10T12:53:17.992279
1.00,-0.01,0.05,0.61,-27.40,-107.85,-0.00,2023-01-10T12:53:18.000308
0.97,-0.04,0.04,1.34,-29.54,-110.84,-0.00,2023-01-10T12:53:18.009958
0.91,-0.08,0.02,1.46,-31.74,-114.32,-0.00,2023-01-10T12:53:18.019469
0.88,-0.11,0.01,0.98,-33.26,-117.37,-0.00,2023-01-10T12:53:18.028383
0.85,-0.13,0.01,-0.18,-34.30,-120.61,-0.00,2023-01-10T12:53:18.038026
0.82,-0.14,0.01,-2.08,-35.58,-124.27,-0.00,2023-01-10T12:53:18.047263
0.79,-0.15,0.00,-4.27,-36.13,-127.81,-0.00,2023-01-10T12:53:18.057038
0.76,-0.16,0.00,-6.41,-36.38,-131.53,-0.00,2023-01-10T12:53:18.066258
0.73,-0.16,-0.00,-7.87,-36.44,-139.77,-0.00,2023-01-10T12:53:18.075987
0.70,-0.18,-0.00,-10.38,-36.19,-144.04,-0.00,2023-01-10T12:53:18.085319
0.67,-0.19,-0.00,-11.96,-35.77,-148.44,-0.00,2023-01-10T12:53:18.094328
0.67,-0.19,-0.00,-13.79,-35.34,-152.71,-0.00,2023-01-10T12:53:18.102455
0.61,-0.20,-0.01,-15.75,-34.91,-156.86,-0.00,2023-01-10T12:53:18.111347
0.54,-0.20,-0.01,-17.94,-34.97,-160.89,-0.00,2023-01-10T12:53:18.120298
0.54,-0.20,-0.01,-19.29,-35.28,-165.16,-0.00,2023-01-10T12:53:18.128348
0.48,-0.21,-0.01,-19.59,-35.77,-169.56,-0.00,2023-01-10T12:53:18.137308
0.48,-0.21,-0.01,-19.90,-36.68,-174.32,-0.00,2023-01-10T12:53:18.145323
0.42,-0.22,-0.00,-21.61,-37.35,-178.16,-0.00,2023-01-10T12:53:18.154307
0.42,-0.22,-0.00,-23.68,-38.21,-181.64,-0.00,2023-01-10T12:53:18.162329
0.32,-0.21,-0.00,-26.67,-39.12,-185.24,-0.00,2023-01-10T12:53:18.171315
0.32,-0.21,-0.00,-30.33,-40.04,-189.09,-0.00,2023-01-10T12:53:18.179291
0.23,-0.18,-0.01,-33.02,-40.95,-193.30,-0.00,2023-01-10T12:53:18.188430
0.23,-0.18,-0.01,-34.12,-41.93,-197.94,-0.00,2023-01-10T12:53:18.196337
0.21,-0.15,-0.02,-35.03,-43.40,-202.15,-0.00,2023-01-10T12:53:18.205303
0.21,-0.15,-0.02,-36.13,-46.51,-206.48,-0.00,2023-01-10T12:53:18.213308
0.13,-0.12,-0.02,-34.30,-50.60,-210.94,-0.00,2023-01-10T12:53:18.222291
0.13,-0.12,-0.02,-29.36,-55.79,-215.64,-0.00,2023-01-10T12:53:18.230336
0.01,-0.11,-0.01,-23.13,-62.19,-219.73,-0.00,2023-01-10T12:53:18.239306
0.01,-0.11,-0.01,-15.99,-69.46,-223.27,-0.00,2023-01-10T12:53:18.247335
-0.14,-0.14,-0.01,-8.12,-75.99,-225.52,-0.00,2023-01-10T12:53:18.256309
-0.14,-0.14,-0.01,0.00,-81.36,-226.93,-0.00,2023-01-10T12:53:18.264277
-0.29,-0.23,-0.01,3.97,-85.82,-226.62,-0.00,2023-01-10T12:53:18.273306
-0.41,-0.25,-0.05,3.91,-89.23,-225.10,-0.00,2023-01-10T12:53:18.282282
-0.48,-0.24,-0.06,1.71,-92.47,-223.51,-0.00,2023-01-10T12:53:18.292001
-0.57,-0.24,-0.07,0.37,-95.52,-222.84,-0.00,2023-01-10T12:53:18.301324
-0.67,-0.24,-0.08,-1.28,-98.63,-222.60,-0.00,2023-01-10T12:53:18.311165
-0.78,-0.28,-0.08,-1.10,-101.75,-223.57,-0.00,2023-01-10T12:53:18.320296
-0.88,-0.34,-0.08,2.01,-103.82,-224.73,-0.00,2023-01-10T12:53:18.329326
-0.99,-0.42,-0.06,3.91,-105.04,-225.22,-0.00,2023-01-10T12:53:18.338294
-1.09,-0.49,-0.03,3.36,-104.80,-223.88,-0.00,2023-01-10T12:53:18.347314
-1.18,-0.55,0.03,-0.12,-103.09,-219.60,-0.00,2023-01-10T12:53:18.356360
-1.23,-0.58,0.10,-6.96,-100.40,-213.32,-0.00,2023-01-10T12:53:18.365314
-1.28,-0.60,0.17,-13.43,-81.30,-198.73,-0.00,2023-01-10T12:53:18.374331
-1.31,-0.61,0.25,-13.43,-81.30,-198.73,-0.00,2023-01-10T12:53:18.382386
-1.34,-0.62,0.32,-18.07,-90.76,-184.69,-0.00,2023-01-10T12:53:18.391312
-1.39,-0.66,0.38,-18.07,-90.76,-184.69,-0.00,2023-01-10T12:53:18.399337
-1.51,-0.77,0.42,-14.04,-86.36,-177.12,-0.00,2023-01-10T12:53:18.408362
-1.63,-0.95,0.45,-14.04,-86.36,-177.12,-0.00,2023-01-10T12:53:18.416386
-1.70,-1.07,0.48,-5.92,-73.79,-159.30,-0.00,2023-01-10T12:53:18.425318
-1.72,-1.07,0.48,-5.92,-73.79,-159.30,-0.00,2023-01-10T12:53:18.433334
-1.65,-1.00,0.45,-10.80,-53.53,-148.32,-0.00,2023-01-10T12:53:18.442291
-1.62,-0.97,0.40,8.00,-37.72,-140.50,-0.00,2023-01-10T12:53:18.451327
-1.53,-0.99,0.35,8.00,-37.72,-140.50,-0.00,2023-01-10T12:53:18.459361
-1.48,-1.21,0.33,18.43,-32.10,-117.37,-0.00,2023-01-10T12:53:18.468323
-1.49,-1.43,0.39,18.43,-32.10,-117.37,-0.00,2023-01-10T12:53:18.476358
-1.51,-1.49,0.39,2.93,-36.50,-102.36,-0.00,2023-01-10T12:53:18.485435
-1.55,-1.43,0.44,2.93,-36.50,-102.36,-0.00,2023-01-10T12:53:18.493392
-1.61,-1.37,0.53,-29.85,-35.71,-101.93,-0.00,2023-01-10T12:53:18.503054
-1.76,-1.43,0.74,-24.84,-33.14,-97.66,-0.00,2023-01-10T12:53:18.512319
-1.76,-1.43,0.74,-19.71,-28.50,-87.40,-0.00,2023-01-10T12:53:18.520333
-1.90,-1.73,0.89,-6.41,-16.66,-71.35,-0.00,2023-01-10T12:53:18.529306
-1.90,-1.73,0.89,18.13,9.64,-50.11,-0.00,2023-01-10T12:53:18.537302
-2.42,-2.33,0.88,9.16,13.24,-38.39,-0.00,2023-01-10T12:53:18.546299
-1.95,-1.36,0.88,-44.80,8.30,-8.79,-0.00,2023-01-10T12:53:18.556004
-1.73,-1.27,0.82,-40.22,20.08,29.60,-0.00,2023-01-10T12:53:18.565277
-1.63,-1.15,0.77,-8.91,27.53,53.89,-0.00,2023-01-10T12:53:18.574273
-1.32,-1.39,0.68,33.33,23.99,61.28,-0.00,2023-01-10T12:53:18.584020
-1.32,-1.30,0.56,40.83,17.40,78.61,-0.00,2023-01-10T12:53:18.593421
-1.26,-1.22,0.44,44.43,2.08,83.07,-0.00,2023-01-10T12:53:18.603123
-1.17,-1.16,0.31,52.73,-2.38,85.69,-0.00,2023-01-10T12:53:18.612740
-1.08,-1.08,0.27,36.56,-1.59,102.05,-0.00,2023-01-10T12:53:18.622405
-0.98,-0.91,0.30,32.53,-2.01,108.09,-0.00,2023-01-10T12:53:18.631308
-0.86,-0.72,0.33,33.51,-3.42,112.06,-0.00,2023-01-10T12:53:18.640333
-0.86,-0.72,0.33,40.59,-5.86,112.61,-0.00,2023-01-10T12:53:18.648288
-0.87,-0.73,0.31,49.56,-7.93,111.45,-0.00,2023-01-10T12:53:18.657299
-0.87,-0.73,0.31,57.37,-6.90,109.31,-0.00,2023-01-10T12:53:18.665297
-0.84,-0.87,0.22,61.22,-3.17,107.12,-0.00,2023-01-10T12:53:18.674280
-0.84,-0.87,0.22,58.17,1.95,106.32,-0.00,2023-01-10T12:53:18.682315
-0.85,-0.94,0.15,49.32,7.87,105.96,-0.00,2023-01-10T12:53:18.691277
-0.85,-0.94,0.15,38.45,14.65,105.90,-0.00,2023-01-10T12:53:18.699304
-0.84,-0.96,0.14,27.53,21.00,105.10,-0.00,2023-01-10T12:53:18.708319
-0.84,-0.96,0.14,16.54,26.98,103.27,-0.00,2023-01-10T12:53:18.716275
-0.85,-0.97,0.18,5.74,32.96,100.95,-0.00,2023-01-10T12:53:18.725251
-0.85,-0.97,0.18,-4.64,39.12,98.45,-0.00,2023-01-10T12:53:18.733300
-0.92,-0.98,0.19,-14.34,46.14,96.07,-0.00,2023-01-10T12:53:18.742979
-1.04,-1.01,0.18,-22.03,56.03,93.75,-0.00,2023-01-10T12:53:18.752350
-1.04,-0.98,0.17,-28.50,68.05,93.69,-0.00,2023-01-10T12:53:18.761422
-0.98,-0.91,0.14,-31.68,79.71,95.76,-0.00,2023-01-10T12:53:18.770323
-0.91,-0.84,0.13,-31.49,88.68,99.98,-0.00,2023-01-10T12:53:18.779291
-0.83,-0.79,0.12,-30.52,93.32,106.63,-0.00,2023-01-10T12:53:18.789000
-0.77,-0.77,0.12,-30.09,94.30,114.07,-0.00,2023-01-10T12:53:18.798258
-0.73,-0.75,0.11,-29.36,93.08,121.58,-0.00,2023-01-10T12:53:18.807986
-0.68,-0.73,0.12,-27.95,89.54,127.69,-0.00,2023-01-10T12:53:18.817338
-0.64,-0.72,0.13,-26.12,79.90,135.19,-0.00,2023-01-10T12:53:18.826393
-0.62,-0.71,0.14,-26.12,79.90,135.19,-0.00,2023-01-10T12:53:18.834356
-0.62,-0.71,0.16,-21.36,76.05,137.08,-0.00,2023-01-10T12:53:18.843389
-0.61,-0.72,0.18,-21.36,76.05,137.08,-0.00,2023-01-10T12:53:18.851349
-0.61,-0.73,0.20,-16.66,74.16,137.70,-0.00,2023-01-10T12:53:18.860398
-0.62,-0.72,0.20,-16.66,74.16,137.70,-0.00,2023-01-10T12:53:18.868440
-0.62,-0.71,0.21,-15.20,81.54,136.72,-0.00,2023-01-10T12:53:18.878127
-0.61,-0.73,0.22,-13.67,85.88,136.17,-0.00,2023-01-10T12:53:18.887302
-0.61,-0.73,0.22,-13.79,90.76,136.54,-0.00,2023-01-10T12:53:18.895336
-0.57,-0.76,0.24,-14.65,95.58,137.57,-0.00,2023-01-10T12:53:18.904300
-0.57,-0.76,0.24,-16.48,99.43,138.49,-0.00,2023-01-10T12:53:18.912339
-0.51,-0.75,0.28,-16.60,102.42,139.40,-0.00,2023-01-10T12:53:18.921301
-0.45,-0.72,0.25,-14.59,104.19,140.69,-0.00,2023-01-10T12:53:18.930351
-0.42,-0.69,0.26,-12.08,104.80,142.03,-0.00,2023-01-10T12:53:18.939995
-0.42,-0.69,0.26,-8.12,105.10,143.80,-0.00,2023-01-10T12:53:18.948807
-0.37,-0.66,0.24,-2.50,104.74,146.12,-0.00,2023-01-10T12:53:18.958413
-0.25,-0.59,0.21,2.99,104.00,148.01,-0.00,2023-01-10T12:53:18.967299
-0.18,-0.57,0.17,8.36,103.03,150.76,-0.00,2023-01-10T12:53:18.976348
-0.11,-0.53,0.14,11.60,101.38,153.93,-0.00,2023-01-10T12:53:18.985292
-0.05,-0.50,0.13,13.06,98.82,156.56,-0.00,2023-01-10T12:53:18.994441
0.02,-0.46,0.11,15.32,95.95,158.87,-0.00,2023-01-10T12:53:19.003316
0.11,-0.41,0.09,18.62,91.80,160.34,-0.00,2023-01-10T12:53:19.012239
0.20,-0.36,0.07,24.60,86.55,161.01,-0.00,2023-01-10T12:53:19.021977
0.28,-0.35,0.05,41.87,71.78,161.32,-0.00,2023-01-10T12:53:19.031245
0.38,-0.38,0.01,48.28,61.77,161.68,-0.00,2023-01-10T12:53:19.040957
0.40,-0.43,-0.00,51.82,51.70,162.17,-0.00,2023-01-10T12:53:19.050305
0.42,-0.47,-0.00,53.65,42.97,162.35,-0.00,2023-01-10T12:53:19.059316
0.44,-0.45,-0.00,51.45,35.58,162.23,-0.00,2023-01-10T12:53:19.068321
0.46,-0.40,0.00,48.16,30.52,161.80,-0.00,2023-01-10T12:53:19.077308
0.48,-0.35,0.02,46.14,25.88,161.19,-0.00,2023-01-10T12:53:19.086486
0.49,-0.33,0.01,46.94,21.79,159.55,-0.00,2023-01-10T12:53:19.095981
0.49,-0.33,0.01,50.11,18.37,157.10,-0.00,2023-01-10T12:53:19.104741
0.50,-0.42,0.01,52.55,16.24,153.26,-0.00,2023-01-10T12:53:19.114399
0.51,-0.44,0.01,51.39,16.05,149.23,-0.00,2023-01-10T12:53:19.123268
0.54,-0.43,0.02,44.80,18.01,145.51,-0.00,2023-01-10T12:53:19.132252
0.57,-0.40,0.03,37.72,21.55,142.21,-0.00,2023-01-10T12:53:19.141295
0.60,-0.38,0.04,33.08,28.99,135.86,-0.00,2023-01-10T12:53:19.150345
0.61,-0.36,0.04,33.08,28.99,135.86,-0.00,2023-01-10T12:53:19.158337
0.61,-0.34,0.04,29.24,30.27,130.98,-0.00,2023-01-10T12:53:19.167278
0.63,-0.34,0.02,27.40,29.85,129.76,-0.00,2023-01-10T12:53:19.176936
0.70,-0.30,-0.01,27.28,28.69,128.42,-0.00,2023-01-10T12:53:19.186389
0.75,-0.31,-0.03,28.50,27.47,127.01,-0.00,2023-01-10T12:53:19.195268
0.79,-0.31,-0.05,28.69,25.57,125.92,-0.00,2023-01-10T12:53:19.204203
0.80,-0.31,-0.07,27.16,22.77,124.82,-0.00,2023-01-10T12:53:19.214004
0.80,-0.31,-0.08,24.17,19.90,123.72,-0.00,2023-01-10T12:53:19.223298
0.81,-0.30,-0.09,21.06,17.58,122.25,-0.00,2023-01-10T12:53:19.232282
0.83,-0.29,-0.09,18.13,16.11,119.69,-0.00,2023-01-10T12:53:19.241287
0.86,-0.28,-0.08,15.44,15.99,117.07,-0.00,2023-01-10T12:53:19.250371
0.89,-0.26,-0.08,12.70,15.75,114.38,-0.00,2023-01-10T12:53:19.259241
0.93,-0.25,-0.07,11.35,15.50,111.69,-0.00,2023-01-10T12:53:19.268292
0.92,-0.23,-0.07,10.74,15.14,109.25,-0.00,2023-01-10T12:53:19.277399
0.93,-0.21,-0.08,8.54,14.04,105.22,-0.00,2023-01-10T12:53:19.286949
0.94,-0.18,-0.08,7.75,13.55,103.70,-0.00,2023-01-10T12:53:19.296245
1.00,-0.14,-0.09,8.12,12.27,101.99,-0.00,2023-01-10T12:53:19.305278
1.04,-0.14,-0.11,8.48,10.80,99.49,-0.00,2023-01-10T12:53:19.314979
1.04,-0.14,-0.11,6.77,8.48,96.56,-0.00,2023-01-10T12:53:19.323636
1.08,-0.12,-0.11,5.13,6.35,92.77,-0.00,2023-01-10T12:53:19.333364
1.16,-0.06,-0.13,4.39,4.03,86.85,-0.00,2023-01-10T12:53:19.342192
1.18,-0.01,-0.13,2.32,2.01,80.57,-0.00,2023-01-10T12:53:19.351265
1.21,0.01,-0.11,2.87,0.24,73.18,-0.00,2023-01-10T12:53:19.361106
1.19,0.06,-0.13,3.17,0.31,67.57,-0.00,2023-01-10T12:53:19.370644
1.23,0.10,-0.10,1.89,-0.12,63.90,-0.00,2023-01-10T12:53:19.379239
1.24,0.14,-0.10,3.05,-15.08,60.55,-0.00,2023-01-10T12:53:19.388918
1.28,0.16,-0.08,7.32,-1.34,60.12,-0.00,2023-01-10T12:53:19.398651
1.35,0.22,-0.16,8.30,-4.82,56.46,-0.00,2023-01-10T12:53:19.408155
1.35,0.22,-0.16,8.30,-4.82,56.46,-0.00,2023-01-10T12:53:19.415965
1.48,0.30,-0.18,7.14,-8.97,48.58,-0.00,2023-01-10T12:53:19.425598
1.53,0.36,-0.16,7.02,-10.86,38.15,-0.00,2023-01-10T12:53:19.435455
1.53,0.36,-0.15,8.18,-9.89,16.66,-0.00,2023-01-10T12:53:19.444995
1.56,0.36,-0.13,3.66,-7.14,7.51,-0.00,2023-01-10T12:53:19.454550
1.61,0.41,-0.11,-0.49,-8.18,-1.53,-0.00,2023-01-10T12:53:19.459301
1.59,0.42,-0.08,-0.79,-11.05,-10.99,-0.00,2023-01-10T12:53:19.468300
1.55,0.39,-0.06,1.40,-13.61,-18.80,-0.00,2023-01-10T12:53:19.478095
1.51,0.35,-0.06,2.32,-16.54,-25.63,-0.00,2023-01-10T12:53:19.487253
1.47,0.33,-0.05,1.71,-19.17,-32.59,-0.00,2023-01-10T12:53:19.496209
1.43,0.32,-0.04,0.85,-21.18,-40.16,-0.00,2023-01-10T12:53:19.505209
1.39,0.31,-0.04,0.92,-22.64,-49.13,-0.00,2023-01-10T12:53:19.514250
1.35,0.28,-0.02,1.16,-23.32,-57.92,-0.00,2023-01-10T12:53:19.523213
1.31,0.25,-0.01,1.53,-23.44,-66.16,-0.00,2023-01-10T12:53:19.532912
1.27,0.22,-0.00,-0.18,-22.95,-79.83,-0.00,2023-01-10T12:53:19.542633
1.24,0.19,0.01,-1.53,-22.89,-85.45,-0.00,2023-01-10T12:53:19.552363
1.24,0.19,0.01,-2.93,-22.83,-90.76,-0.00,2023-01-10T12:53:19.560295
1.18,0.13,0.02,-3.97,-22.64,-95.64,-0.00,2023-01-10T12:53:19.569342
1.12,0.08,0.02,-5.25,-23.19,-99.91,-0.00,2023-01-10T12:53:19.578930
1.08,0.06,0.03,-6.71,-24.29,-104.00,-0.00,2023-01-10T12:53:19.588229
1.05,0.05,0.03,-7.87,-25.57,-107.42,-0.00,2023-01-10T12:53:19.597253
1.02,0.04,0.03,-8.18,-26.92,-111.33,-0.00,2023-01-10T12:53:19.606263
0.99,0.02,0.03,-8.00,-28.50,-115.11,-0.00,2023-01-10T12:53:19.615948
0.99,0.02,0.03,-7.57,-30.09,-119.02,-0.00,2023-01-10T12:53:19.624668
0.92,-0.02,0.03,-6.84,-31.56,-123.11,-0.00,2023-01-10T12:53:19.634396
0.89,-0.03,0.02,-6.35,-32.35,-126.89,-0.00,2023-01-10T12:53:19.643289
0.86,-0.05,0.02,-6.23,-32.59,-130.19,-0.00,2023-01-10T12:53:19.652285
0.83,-0.07,0.01,-6.47,-32.41,-138.98,-0.00,2023-01-10T12:53:19.661918
0.80,-0.09,0.00,-7.45,-31.86,-143.80,-0.00,2023-01-10T12:53:19.671228
0.77,-0.11,0.01,-10.31,-31.43,-148.68,-0.00,2023-01-10T12:53:19.680350
0.77,-0.11,0.01,-13.06,-31.07,-153.44,-0.00,2023-01-10T12:53:19.688329
0.70,-0.12,0.01,-15.93,-30.76,-157.90,-0.00,2023-01-10T12:53:19.697263
0.64,-0.12,0.02,-18.49,-30.58,-162.23,-0.00,2023-01-10T12:53:19.706975
0.61,-0.13,0.02,-21.06,-30.70,-166.56,-0.00,2023-01-10T12:53:19.716226
0.58,-0.14,0.01,-23.19,-30.46,-170.65,-0.00,2023-01-10T12:53:19.725245
0.54,-0.14,0.02,-25.51,-30.64,-174.93,-0.00,2023-01-10T12:53:19.734242
0.50,-0.14,0.02,-28.32,-31.13,-178.71,-0.00,2023-01-10T12:53:19.744076
0.47,-0.14,0.02,-30.94,-31.92,-182.31,-0.00,2023-01-10T12:53:19.753290
0.44,-0.14,0.01,-33.20,-33.20,-185.97,-0.00,2023-01-10T12:53:19.762272
0.40,-0.14,0.01,-35.22,-34.55,-189.88,-0.00,2023-01-10T12:53:19.771254
0.35,-0.13,0.01,-36.74,-36.38,-193.24,-0.00,2023-01-10T12:53:19.780281
0.31,-0.13,0.01,-37.72,-38.57,-196.41,-0.00,2023-01-10T12:53:19.789215
0.26,-0.13,0.01,-39.00,-43.95,-201.60,-0.00,2023-01-10T12:53:19.798247
0.21,-0.14,0.01,-39.00,-43.95,-201.60,-0.00,2023-01-10T12:53:19.806263
0.15,-0.15,0.02,-42.05,-62.13,-208.50,-0.00,2023-01-10T12:53:19.815226
0.09,-0.16,0.03,-42.05,-62.13,-208.50,-0.00,2023-01-10T12:53:19.823379
0.03,-0.16,0.04,-44.74,-51.76,-215.21,-0.00,2023-01-10T12:53:19.832225
-0.03,-0.16,0.05,-44.74,-51.76,-215.21,-0.00,2023-01-10T12:53:19.840272
-0.08,-0.15,0.06,-42.66,-74.22,-219.30,-0.00,2023-01-10T12:53:19.849288
-0.15,-0.14,0.08,-42.66,-74.22,-219.30,-0.00,2023-01-10T12:53:19.857244
-0.23,-0.14,0.08,-33.87,-70.37,-222.05,-0.00,2023-01-10T12:53:19.866325
-0.30,-0.19,0.09,-33.87,-70.37,-222.05,-0.00,2023-01-10T12:53:19.874353
-0.38,-0.27,0.08,-9.70,-85.21,-222.72,-0.00,2023-01-10T12:53:19.883281
-0.46,-0.34,0.06,-9.70,-85.21,-222.72,-0.00,2023-01-10T12:53:19.891269
-0.55,-0.41,0.03,3.17,-96.62,-221.07,-0.00,2023-01-10T12:53:19.900274
-0.65,-0.47,0.03,3.17,-96.62,-221.07,-0.00,2023-01-10T12:53:19.908291
-0.72,-0.52,0.02,0.61,-100.89,-214.90,-0.00,2023-01-10T12:53:19.917934
-0.77,-0.55,0.00,-5.07,-100.16,-211.49,-0.00,2023-01-10T12:53:19.927214
-0.94,-0.51,0.01,-12.15,-99.30,-206.73,-0.00,2023-01-10T12:53:19.936365
-0.94,-0.51,0.01,-18.13,-98.39,-201.29,-0.00,2023-01-10T12:53:19.944430
-1.03,-0.50,0.04,-24.23,-97.53,-195.43,-0.00,2023-01-10T12:53:19.953353
-1.03,-0.50,0.04,-29.48,-96.01,-189.33,-0.00,2023-01-10T12:53:19.961439
-1.17,-0.55,0.13,-35.46,-95.52,-184.27,-0.00,2023-01-10T12:53:19.970224
-1.17,-0.55,0.13,-33.20,-95.03,-179.69,-0.00,2023-01-10T12:53:19.978356
-1.22,-0.74,0.32,-25.39,-95.58,-174.87,-0.00,2023-01-10T12:53:19.987297
-1.22,-0.74,0.32,-21.42,-96.13,-168.76,-0.00,2023-01-10T12:53:19.995270
-1.24,-0.91,0.43,-22.16,-94.85,-161.44,-0.00,2023-01-10T12:53:20.004295
-1.24,-0.91,0.43,-25.82,-91.49,-153.38,-0.00,2023-01-10T12:53:20.012313
-1.46,-1.09,0.55,-30.33,-85.63,-144.71,-0.00,2023-01-10T12:53:20.021285
-1.46,-1.09,0.55,-35.58,-77.88,-136.90,-0.00,2023-01-10T12:53:20.029311
-1.55,-1.12,0.61,-40.59,-67.57,-129.58,-0.00,2023-01-10T12:53:20.038320
-1.55,-1.12,0.61,-43.88,-56.64,-124.39,-0.00,2023-01-10T12:53:20.046321
-1.59,-1.08,0.60,-37.90,-45.90,-121.40,-0.00,2023-01-10T12:53:20.055271
-1.50,-1.04,0.59,-23.99,-37.90,-118.04,-0.00,2023-01-10T12:53:20.064253
-1.50,-1.04,0.59,-7.45,-33.33,-112.00,-0.00,2023-01-10T12:53:20.072264
