-0.74,-0.63,0.23,0.18,0.18,0.31,-0.00,2023-01-10T12:53:31.605978
-0.74,-0.63,0.23,0.92,0.31,-0.24,-0.00,2023-01-10T12:53:31.615008
-0.74,-0.63,0.23,0.92,0.31,-0.24,-0.00,2023-01-10T12:53:31.623011
-0.74,-0.63,0.23,1.28,-0.24,-0.92,-0.00,2023-01-10T12:53:31.632610
-0.74,-0.64,0.23,0.79,-0.43,-1.16,-0.00,2023-01-10T12:53:31.642190
-0.75,-0.64,0.22,0.31,-0.18,-0.85,-0.00,2023-01-10T12:53:31.650997
-0.75,-0.64,0.23,-0.31,-0.49,-0.67,-0.00,2023-01-10T12:53:31.660747
-0.75,-0.64,0.22,-0.92,-0.37,-0.67,-0.00,2023-01-10T12:53:31.669996
-0.75,-0.63,0.23,-1.89,-0.55,-0.61,-0.00,2023-01-10T12:53:31.679047
-0.75,-0.63,0.23,-2.56,-0.55,-0.73,-0.00,2023-01-10T12:53:31.688667
-0.74,-0.63,0.23,-3.05,-0.12,-0.55,-0.00,2023-01-10T12:53:31.697953
-0.74,-0.63,0.24,-3.17,0.06,-0.79,-0.00,2023-01-10T12:53:31.707693
-0.74,-0.62,0.24,-2.87,0.43,-1.04,-0.00,2023-01-10T12:53:31.716976
-0.73,-0.62,0.24,-0.49,0.73,-1.53,-0.00,2023-01-10T12:53:31.726672
-0.73,-0.62,0.24,1.28,0.37,-2.08,-0.00,2023-01-10T12:53:31.735990
-0.73,-0.62,0.24,2.99,-0.24,-2.32,-0.00,2023-01-10T12:53:31.743978
-0.73,-0.62,0.23,4.27,-0.92,-2.62,-0.00,2023-01-10T12:53:31.753631
-0.75,-0.63,0.22,4.46,-1.40,-2.99,-0.00,2023-01-10T12:53:31.763053
-0.76,-0.63,0.21,3.60,-1.83,-3.11,-0.00,2023-01-10T12:53:31.771921
-0.76,-0.64,0.21,1.95,-2.26,-2.81,-0.00,2023-01-10T12:53:31.781646
-0.76,-0.64,0.21,-0.49,-2.32,-2.62,-0.00,2023-01-10T12:53:31.790405
-0.77,-0.65,0.22,-3.17,-2.01,-2.14,-0.00,2023-01-10T12:53:31.798955
-0.76,-0.64,0.23,-5.62,-1.53,-1.65,-0.00,2023-01-10T12:53:31.808742
-0.75,-0.63,0.24,-7.20,-0.79,-0.98,-0.00,2023-01-10T12:53:31.818182
-0.75,-0.62,0.26,-7.81,0.49,-0.37,-0.00,2023-01-10T12:53:31.826982
-0.74,-0.61,0.27,-7.20,1.22,-0.31,-0.00,2023-01-10T12:53:31.835970
-0.73,-0.60,0.27,-5.43,1.59,-0.37,-0.00,2023-01-10T12:53:31.844958
-0.73,-0.60,0.27,-0.49,1.34,-0.24,-0.00,2023-01-10T12:53:31.854707
-0.74,-0.62,0.25,1.71,0.85,0.18,-0.00,2023-01-10T12:53:31.864122
-0.74,-0.62,0.25,1.71,0.85,0.18,-0.00,2023-01-10T12:53:31.871843
-0.75,-0.63,0.24,3.17,0.18,0.49,-0.00,2023-01-10T12:53:31.881568
-0.74,-0.62,0.23,4.33,-0.85,0.98,-0.00,2023-01-10T12:53:31.890999
-0.73,-0.62,0.24,5.25,-1.53,1.28,-0.00,2023-01-10T12:53:31.900044
-0.73,-0.62,0.23,6.53,-2.81,1.46,-0.00,2023-01-10T12:53:31.908996
-0.74,-0.63,0.23,7.51,-3.54,1.46,-0.00,2023-01-10T12:53:31.918178
-0.75,-0.63,0.23,8.12,-3.72,1.34,-0.00,2023-01-10T12:53:31.926901
-0.76,-0.63,0.23,8.00,-3.54,1.59,-0.00,2023-01-10T12:53:31.935969
-0.76,-0.63,0.23,8.00,-2.50,1.95,-0.00,2023-01-10T12:53:31.945706
-0.75,-0.62,0.22,8.00,-2.14,1.95,-0.00,2023-01-10T12:53:31.955167
-0.74,-0.62,0.22,8.18,-2.14,1.71,-0.00,2023-01-10T12:53:31.964722
-0.75,-0.63,0.21,8.85,-3.42,1.59,-0.00,2023-01-10T12:53:31.974006
-0.75,-0.62,0.21,8.73,-3.91,1.04,-0.00,2023-01-10T12:53:31.982962
-0.76,-0.64,0.20,8.06,-3.97,0.92,-0.00,2023-01-10T12:53:31.992801
-0.76,-0.64,0.20,6.90,-3.54,0.67,-0.00,2023-01-10T12:53:32.001318
-0.77,-0.64,0.20,4.88,-2.56,0.24,-0.00,2023-01-10T12:53:32.010004
-0.77,-0.64,0.20,2.69,-1.40,0.00,-0.00,2023-01-10T12:53:32.019739
-0.77,-0.64,0.20,0.24,-0.49,0.00,-0.00,2023-01-10T12:53:32.028111
-0.76,-0.64,0.21,0.24,-0.49,0.00,-0.00,2023-01-10T12:53:32.036899
-0.76,-0.64,0.21,-1.83,0.00,0.24,-0.00,2023-01-10T12:53:32.046382
-0.75,-0.63,0.21,-4.21,0.12,0.61,-0.00,2023-01-10T12:53:32.056169
-0.76,-0.62,0.21,-5.07,-0.61,1.10,-0.00,2023-01-10T12:53:32.064931
-0.77,-0.62,0.21,-5.74,-1.71,2.01,-0.00,2023-01-10T12:53:32.073970
-0.76,-0.62,0.21,-6.65,-3.23,2.75,-0.00,2023-01-10T12:53:32.083725
-0.76,-0.62,0.21,-7.32,-5.49,4.52,-0.00,2023-01-10T12:53:32.092962
-0.75,-0.62,0.21,-7.08,-6.16,4.88,-0.00,2023-01-10T12:53:32.101992
-0.75,-0.62,0.23,-6.23,-6.59,4.94,-0.00,2023-01-10T12:53:32.111172
-0.75,-0.62,0.23,-5.07,-6.41,4.76,-0.00,2023-01-10T12:53:32.118993
-0.74,-0.61,0.23,-3.78,-6.04,4.15,-0.00,2023-01-10T12:53:32.128723
-0.75,-0.61,0.23,-2.62,-5.43,3.48,-0.00,2023-01-10T12:53:32.137947
-0.76,-0.61,0.22,-1.83,-4.64,3.54,-0.00,2023-01-10T12:53:32.146963
-0.76,-0.62,0.22,-1.65,-4.15,3.54,-0.00,2023-01-10T12:53:32.155940
-0.76,-0.64,0.21,-1.89,-3.85,3.60,-0.00,2023-01-10T12:53:32.164998
-0.76,-0.64,0.21,-2.69,-3.78,4.21,-0.00,2023-01-10T12:53:32.174696
-0.76,-0.64,0.21,-3.91,-3.66,4.46,-0.00,2023-01-10T12:53:32.183320
-0.76,-0.65,0.20,-5.43,-3.54,5.25,-0.00,2023-01-10T12:53:32.192080
-0.76,-0.65,0.20,-7.51,-3.48,5.74,-0.00,2023-01-10T12:53:32.201793
-0.76,-0.65,0.20,-9.40,-3.48,6.16,-0.00,2023-01-10T12:53:32.211504
-0.77,-0.67,0.19,-15.20,-4.21,6.90,-0.00,2023-01-10T12:53:32.220924
-0.77,-0.68,0.18,-19.17,-4.88,7.45,-0.00,2023-01-10T12:53:32.230615
-0.77,-0.69,0.18,-22.95,-6.04,9.09,-0.00,2023-01-10T12:53:32.240168
-0.76,-0.70,0.18,-22.95,-6.04,9.09,-0.00,2023-01-10T12:53:32.248893
-0.77,-0.69,0.18,-27.65,-11.96,12.76,-0.00,2023-01-10T12:53:32.258042
-0.80,-0.73,0.18,-29.85,-17.09,15.01,-0.00,2023-01-10T12:53:32.267018
-0.85,-0.77,0.21,-28.75,-21.85,19.47,-0.00,2023-01-10T12:53:32.276743
-0.86,-0.79,0.25,-28.81,-25.21,24.72,-0.00,2023-01-10T12:53:32.286188
-0.88,-0.78,0.30,-29.48,-27.10,33.33,-0.00,2023-01-10T12:53:32.295079
-0.88,-0.73,0.33,-27.47,-29.54,42.30,-0.00,2023-01-10T12:53:32.304072
-0.87,-0.49,0.32,-20.81,-30.64,49.07,-0.00,2023-01-10T12:53:32.313032
-0.99,-0.67,0.34,25.33,-24.41,43.40,-0.00,2023-01-10T12:53:32.322065
-0.88,-0.96,0.28,67.38,-23.32,28.44,-0.00,2023-01-10T12:53:32.331045
-0.97,-1.08,0.33,73.61,-24.23,40.59,-0.00,2023-01-10T12:53:32.340041
-1.03,-1.23,0.27,73.61,-24.23,40.59,-0.00,2023-01-10T12:53:32.348026
-1.08,-1.20,0.28,40.89,-16.48,46.63,-0.00,2023-01-10T12:53:32.357026
-1.11,-1.16,0.28,40.89,-16.48,46.63,-0.00,2023-01-10T12:53:32.365048
-1.11,-1.14,0.32,16.66,-0.31,49.13,-0.00,2023-01-10T12:53:32.374047
-1.08,-1.10,0.35,16.66,-0.31,49.13,-0.00,2023-01-10T12:53:32.382064
-1.06,-1.05,0.36,10.50,5.07,51.94,-0.00,2023-01-10T12:53:32.391069
-1.02,-1.01,0.33,14.53,11.60,54.08,-0.00,2023-01-10T12:53:32.400725
-0.95,-0.95,0.24,16.66,13.61,57.19,-0.00,2023-01-10T12:53:32.410098
-0.90,-0.92,0.19,17.33,15.56,60.61,-0.00,2023-01-10T12:53:32.419874
-0.90,-0.92,0.19,16.54,16.78,63.42,-0.00,2023-01-10T12:53:32.428489
-0.85,-0.90,0.17,15.32,17.88,65.43,-0.00,2023-01-10T12:53:32.438099
-0.75,-0.85,0.15,14.40,17.70,66.83,-0.00,2023-01-10T12:53:32.446982
-0.71,-0.81,0.15,13.61,16.36,67.57,-0.00,2023-01-10T12:53:32.455995
-0.69,-0.78,0.16,13.79,14.65,68.05,-0.00,2023-01-10T12:53:32.465055
-0.69,-0.78,0.17,15.08,13.00,68.42,-0.00,2023-01-10T12:53:32.474056
-0.68,-0.80,0.18,17.46,12.02,68.36,-0.00,2023-01-10T12:53:32.483037
-0.69,-0.82,0.20,19.78,10.80,69.27,-0.00,2023-01-10T12:53:32.492710
-0.70,-0.85,0.20,20.51,10.13,72.45,-0.00,2023-01-10T12:53:32.502090
-0.73,-0.87,0.21,20.51,10.13,72.45,-0.00,2023-01-10T12:53:32.510138
-0.74,-0.90,0.21,16.85,11.96,76.35,-0.00,2023-01-10T12:53:32.519809
-0.75,-0.91,0.22,12.82,13.98,78.12,-0.00,2023-01-10T12:53:32.529428
-0.76,-0.91,0.21,7.81,16.91,80.32,-0.00,2023-01-10T12:53:32.539107
-0.76,-0.91,0.21,7.81,16.91,80.32,-0.00,2023-01-10T12:53:32.547874
-0.77,-0.92,0.21,2.08,20.45,81.24,-0.00,2023-01-10T12:53:32.557574
-0.80,-0.94,0.23,-11.17,30.40,79.90,-0.00,2023-01-10T12:53:32.566994
-0.81,-0.93,0.24,-16.54,36.38,78.61,-0.00,2023-01-10T12:53:32.576748
-0.85,-0.93,0.25,-22.89,42.66,77.94,-0.00,2023-01-10T12:53:32.586031
-0.90,-0.93,0.25,-27.53,49.62,78.19,-0.00,2023-01-10T12:53:32.595032
-0.86,-0.90,0.24,-26.61,55.91,79.71,-0.00,2023-01-10T12:53:32.604015
-0.80,-0.86,0.21,-16.24,58.84,89.05,-0.00,2023-01-10T12:53:32.613727
-0.74,-0.89,0.18,-7.75,56.09,95.64,-0.00,2023-01-10T12:53:32.623028
-0.74,-0.89,0.18,-2.14,51.27,102.91,-0.00,2023-01-10T12:53:32.631070
-0.72,-0.94,0.16,-0.49,47.00,109.50,-0.00,2023-01-10T12:53:32.640057
-0.72,-0.92,0.18,-2.32,44.19,114.99,-0.00,2023-01-10T12:53:32.649679
-0.73,-0.90,0.20,-4.88,43.03,118.84,-0.00,2023-01-10T12:53:32.659031
-0.72,-0.90,0.21,-5.98,44.56,121.46,-0.00,2023-01-10T12:53:32.668064
-0.72,-0.91,0.23,-7.08,47.85,122.62,-0.00,2023-01-10T12:53:32.677755
-0.72,-0.90,0.23,-11.29,52.67,123.29,-0.00,2023-01-10T12:53:32.687029
-0.70,-0.87,0.24,-15.69,59.02,124.27,-0.00,2023-01-10T12:53:32.696726
-0.67,-0.84,0.23,-18.80,65.55,124.51,-0.00,2023-01-10T12:53:32.706018
-0.63,-0.83,0.22,-21.18,77.33,125.73,-0.00,2023-01-10T12:53:32.715695
-0.52,-0.79,0.19,-22.64,81.85,126.40,-0.00,2023-01-10T12:53:32.725603
-0.52,-0.79,0.19,-24.23,85.45,127.75,-0.00,2023-01-10T12:53:32.734191
-0.41,-0.74,0.13,-24.90,87.95,128.54,-0.00,2023-01-10T12:53:32.743030
-0.34,-0.72,0.11,-25.33,90.21,129.15,-0.00,2023-01-10T12:53:32.752024
-0.28,-0.71,0.09,-25.45,91.61,129.09,-0.00,2023-01-10T12:53:32.761122
-0.21,-0.70,0.07,-25.15,92.35,128.72,-0.00,2023-01-10T12:53:32.770731
-0.21,-0.70,0.07,-24.96,92.47,127.44,-0.00,2023-01-10T12:53:32.779428
-0.15,-0.71,0.06,-26.37,92.10,126.83,-0.00,2023-01-10T12:53:32.789155
-0.08,-0.67,0.05,-29.24,91.49,125.61,-0.00,2023-01-10T12:53:32.798722
-0.05,-0.65,0.07,-30.70,90.09,123.72,-0.00,2023-01-10T12:53:32.808025
-0.02,-0.64,0.09,-29.24,87.46,121.34,-0.00,2023-01-10T12:53:32.816991
0.00,-0.66,0.11,-24.72,80.57,116.94,-0.00,2023-01-10T12:53:32.826059
0.04,-0.67,0.11,-24.72,80.57,116.94,-0.00,2023-01-10T12:53:32.834012
0.08,-0.67,0.11,-16.78,75.87,117.80,-0.00,2023-01-10T12:53:32.843025
0.11,-0.65,0.12,-16.78,75.87,117.80,-0.00,2023-01-10T12:53:32.851096
0.15,-0.60,0.13,-14.71,71.53,118.90,-0.00,2023-01-10T12:53:32.860719
0.19,-0.57,0.15,-10.86,67.69,117.98,-0.00,2023-01-10T12:53:32.870088
0.19,-0.57,0.15,-6.41,63.17,116.76,-0.00,2023-01-10T12:53:32.878104
0.28,-0.57,0.15,-0.92,58.65,115.84,-0.00,2023-01-10T12:53:32.887793
0.34,-0.58,0.16,4.39,53.10,115.05,-0.00,2023-01-10T12:53:32.896964
0.36,-0.58,0.17,8.18,47.12,115.05,-0.00,2023-01-10T12:53:32.906746
0.36,-0.58,0.17,11.60,40.89,115.42,-0.00,2023-01-10T12:53:32.915407
0.38,-0.57,0.17,15.20,34.61,115.60,-0.00,2023-01-10T12:53:32.925160
0.41,-0.57,0.19,19.96,28.63,115.48,-0.00,2023-01-10T12:53:32.933959
0.39,-0.57,0.19,24.78,23.25,115.48,-0.00,2023-01-10T12:53:32.943007
0.38,-0.66,0.21,26.43,18.37,114.87,-0.00,2023-01-10T12:53:32.952863
0.43,-0.71,0.18,33.14,16.78,113.95,-0.00,2023-01-10T12:53:32.961974
0.37,-0.68,0.19,19.17,17.70,115.17,-0.00,2023-01-10T12:53:32.971771
0.55,-0.58,0.22,22.16,18.86,113.95,-0.00,2023-01-10T12:53:32.981054
0.49,-0.54,0.24,21.36,17.94,112.12,-0.00,2023-01-10T12:53:32.990691
0.49,-0.54,0.24,23.62,15.75,110.96,-0.00,2023-01-10T12:53:32.999371
0.57,-0.52,0.23,30.76,13.98,108.22,-0.00,2023-01-10T12:53:33.009133
0.56,-0.53,0.21,30.76,13.98,108.22,-0.00,2023-01-10T12:53:33.018017
0.66,-0.54,0.19,37.11,9.22,106.20,-0.00,2023-01-10T12:53:33.026971
0.64,-0.53,0.16,39.61,9.34,106.02,-0.00,2023-01-10T12:53:33.035991
0.70,-0.50,0.15,37.54,8.85,106.32,-0.00,2023-01-10T12:53:33.045033
0.81,-0.47,0.12,40.53,8.79,105.47,-0.00,2023-01-10T12:53:33.053963
0.83,-0.42,0.09,40.65,8.91,103.27,-0.00,2023-01-10T12:53:33.063670
0.91,-0.35,0.06,39.12,7.14,97.47,-0.00,2023-01-10T12:53:33.072983
0.98,-0.28,0.03,41.14,1.65,93.87,-0.00,2023-01-10T12:53:33.082695
1.07,-0.20,-0.02,41.75,-2.62,89.84,-0.00,2023-01-10T12:53:33.092339
1.07,-0.20,-0.02,41.81,-5.68,84.35,-0.00,2023-01-10T12:53:33.101177
1.13,-0.20,-0.07,37.54,-7.93,77.76,-0.00,2023-01-10T12:53:33.109998
1.20,-0.20,-0.07,32.41,-8.97,69.89,-0.00,2023-01-10T12:53:33.118970
1.26,-0.20,-0.08,26.67,-8.91,60.79,-0.00,2023-01-10T12:53:33.128071
1.30,-0.17,-0.08,18.49,-8.18,52.43,-0.00,2023-01-10T12:53:33.137717
1.32,-0.14,-0.08,10.56,-7.08,43.64,-0.00,2023-01-10T12:53:33.146969
1.32,-0.09,-0.07,3.85,-5.43,34.12,-0.00,2023-01-10T12:53:33.155968
1.33,-0.06,-0.07,-1.04,-4.39,24.41,-0.00,2023-01-10T12:53:33.165697
1.33,-0.03,-0.06,-3.60,-4.52,3.85,-0.00,2023-01-10T12:53:33.175303
1.33,-0.02,-0.05,-5.86,-7.81,-5.31,-0.00,2023-01-10T12:53:33.184981
1.31,-0.00,-0.03,-5.92,-10.99,-14.65,-0.00,2023-01-10T12:53:33.194783
1.30,-0.01,-0.02,-5.68,-14.28,-23.80,-0.00,2023-01-10T12:53:33.203991
1.30,-0.02,-0.02,-5.31,-17.46,-32.29,-0.00,2023-01-10T12:53:33.213758
1.28,-0.03,-0.01,-5.74,-20.94,-40.04,-0.00,2023-01-10T12:53:33.223001
1.27,-0.05,0.00,-7.39,-24.41,-46.88,-0.00,2023-01-10T12:53:33.231981
1.24,-0.06,0.01,-9.34,-27.89,-53.41,-0.00,2023-01-10T12:53:33.241065
1.21,-0.05,0.03,-10.74,-30.94,-60.12,-0.00,2023-01-10T12:53:33.249969
1.17,-0.04,0.04,-12.08,-33.69,-67.26,-0.00,2023-01-10T12:53:33.258955
1.12,-0.02,0.05,-12.51,-35.46,-75.01,-0.00,2023-01-10T12:53:33.268037
1.07,-0.02,0.06,-11.60,-37.05,-84.05,-0.00,2023-01-10T12:53:33.276900
1.02,-0.03,0.05,-8.48,-37.35,-102.78,-0.00,2023-01-10T12:53:33.286657
0.91,-0.04,0.06,-7.75,-36.25,-113.34,-0.00,2023-01-10T12:53:33.296404
0.91,-0.04,0.06,-6.96,-34.67,-124.57,-0.00,2023-01-10T12:53:33.305126
0.81,-0.07,0.05,-6.90,-32.53,-136.23,-0.00,2023-01-10T12:53:33.313985
0.75,-0.11,0.05,-8.48,-29.91,-147.77,-0.00,2023-01-10T12:53:33.322977
0.70,-0.12,0.05,-12.21,-27.65,-157.47,-0.00,2023-01-10T12:53:33.331990
0.65,-0.13,0.05,-16.91,-25.76,-165.95,-0.00,2023-01-10T12:53:33.341010
0.59,-0.13,0.05,-21.18,-24.72,-173.40,-0.00,2023-01-10T12:53:33.349971
0.54,-0.12,0.06,-24.23,-24.90,-179.81,-0.00,2023-01-10T12:53:33.358937
0.48,-0.11,0.07,-26.79,-25.94,-185.18,-0.00,2023-01-10T12:53:33.367968
0.41,-0.09,0.07,-28.87,-28.32,-190.06,-0.00,2023-01-10T12:53:33.376978
0.35,-0.08,0.08,-28.14,-32.04,-193.91,-0.00,2023-01-10T12:53:33.386697
0.28,-0.07,0.09,-24.35,-37.23,-197.81,-0.00,2023-01-10T12:53:33.395975
0.21,-0.08,0.09,-18.92,-43.76,-201.54,-0.00,2023-01-10T12:53:33.405032
0.11,-0.10,0.09,-12.08,-51.57,-207.95,-0.00,2023-01-10T12:53:33.413943
0.02,-0.16,0.09,-12.08,-51.57,-207.95,-0.00,2023-01-10T12:53:33.422007
-0.06,-0.25,0.07,12.76,-70.01,-210.14,-0.00,2023-01-10T12:53:33.430975
-0.14,-0.33,0.04,23.80,-82.89,-208.31,-0.00,2023-01-10T12:53:33.440723
-0.33,-0.38,0.00,19.10,-85.21,-205.75,-0.00,2023-01-10T12:53:33.449986
-0.33,-0.38,0.00,13.24,-85.14,-203.80,-0.00,2023-01-10T12:53:33.457998
-0.48,-0.38,-0.00,9.64,-83.98,-204.10,-0.00,2023-01-10T12:53:33.467007
-0.54,-0.39,0.00,8.42,-82.64,-206.30,-0.00,2023-01-10T12:53:33.476736
-0.61,-0.39,0.01,6.96,-82.76,-208.68,-0.00,2023-01-10T12:53:33.486139
-0.69,-0.41,0.00,7.63,-83.68,-210.51,-0.00,2023-01-10T12:53:33.495039
-0.77,-0.44,-0.01,11.05,-85.21,-211.18,-0.00,2023-01-10T12:53:33.504017
-0.85,-0.51,-0.01,13.55,-86.55,-209.41,-0.00,2023-01-10T12:53:33.513044
-0.94,-0.57,-0.01,13.67,-87.65,-205.99,-0.00,2023-01-10T12:53:33.521915
-0.98,-0.64,0.01,12.33,-87.34,-200.01,-0.00,2023-01-10T12:53:33.530980
-1.02,-0.67,0.05,8.06,-86.49,-193.18,-0.00,2023-01-10T12:53:33.539963
-1.07,-0.67,0.09,3.30,-85.27,-186.34,-0.00,2023-01-10T12:53:33.548987
-1.11,-0.69,0.14,1.53,-84.72,-179.63,-0.00,2023-01-10T12:53:33.558037
-1.18,-0.74,0.20,1.89,-84.59,-173.89,-0.00,2023-01-10T12:53:33.566997
-1.22,-0.80,0.26,1.77,-82.89,-162.84,-0.00,2023-01-10T12:53:33.576062
-1.25,-0.85,0.30,1.77,-82.89,-162.84,-0.00,2023-01-10T12:53:33.584017
-1.31,-0.89,0.31,-11.47,-73.97,-142.46,-0.00,2023-01-10T12:53:33.592951
-1.34,-0.90,0.33,-25.27,-54.14,-153.02,-0.00,2023-01-10T12:53:33.602155
-1.38,-0.92,0.36,-25.27,-54.14,-153.02,-0.00,2023-01-10T12:53:33.610183
-1.42,-0.91,0.39,-26.49,-32.90,-156.37,-0.00,2023-01-10T12:53:33.619159
-1.33,-0.85,0.41,-26.49,-32.90,-156.37,-0.00,2023-01-10T12:53:33.627055
-1.20,-0.76,0.37,6.04,-29.05,-146.48,-0.00,2023-01-10T12:53:33.635946
-1.14,-0.72,0.29,6.04,-29.05,-146.48,-0.00,2023-01-10T12:53:33.644193
-1.15,-0.85,0.21,17.21,-36.07,-127.20,-0.00,2023-01-10T12:53:33.653159
-1.24,-1.10,0.18,17.21,-36.07,-127.20,-0.00,2023-01-10T12:53:33.661052
-1.30,-1.26,0.14,20.63,-37.66,-118.35,-0.00,2023-01-10T12:53:33.670037
-1.33,-1.29,0.17,20.63,-37.66,-118.35,-0.00,2023-01-10T12:53:33.678113
-1.35,-1.25,0.25,-4.27,-35.10,-117.37,-0.00,2023-01-10T12:53:33.687025
-1.35,-1.16,0.34,-4.27,-35.10,-117.37,-0.00,2023-01-10T12:53:33.695041
-1.37,-1.08,0.44,-20.57,-15.75,-107.36,-0.00,2023-01-10T12:53:33.704135
-1.41,-1.05,0.48,-20.57,-15.75,-107.36,-0.00,2023-01-10T12:53:33.712083
-1.46,-1.05,0.51,-24.05,-25.02,-89.54,-0.00,2023-01-10T12:53:33.721002
-1.51,-1.10,0.51,-15.44,-12.21,-78.92,-0.00,2023-01-10T12:53:33.730710
-1.74,-1.52,0.58,8.00,3.42,-65.92,-0.00,2023-01-10T12:53:33.739981
-2.81,-3.08,0.86,61.34,40.95,-55.54,-0.00,2023-01-10T12:53:33.749033
-3.03,-2.82,0.44,15.62,31.86,-83.25,-0.00,2023-01-10T12:53:33.758027
-1.67,-0.97,0.66,-80.14,22.16,-39.37,-0.00,2023-01-10T12:53:33.767076
-1.39,-0.99,0.73,-98.75,25.63,9.95,-0.00,2023-01-10T12:53:33.775976
-1.62,-0.90,0.68,-58.53,32.84,37.23,-0.00,2023-01-10T12:53:33.785016
-1.36,-1.26,0.63,13.37,23.56,50.48,-0.00,2023-01-10T12:53:33.794084
-1.19,-1.22,0.47,59.88,14.34,64.76,-0.00,2023-01-10T12:53:33.803019
-1.21,-1.13,0.35,49.13,-7.20,79.16,-0.00,2023-01-10T12:53:33.811983
-1.12,-1.09,0.24,57.92,-22.83,81.48,-0.00,2023-01-10T12:53:33.821702
-1.07,-1.13,0.10,74.52,-22.95,86.06,-0.00,2023-01-10T12:53:33.831004
-0.98,-1.03,0.14,56.09,-23.56,95.58,-0.00,2023-01-10T12:53:33.840018
-0.90,-0.88,0.21,37.35,-23.74,107.48,-0.00,2023-01-10T12:53:33.849012
-0.89,-0.80,0.26,37.35,-23.74,107.48,-0.00,2023-01-10T12:53:33.857015
-0.92,-0.77,0.31,36.07,-25.09,104.00,-0.00,2023-01-10T12:53:33.865997
-0.97,-0.79,0.30,36.07,-25.09,104.00,-0.00,2023-01-10T12:53:33.874014
-1.01,-0.88,0.25,56.09,-22.34,96.80,-0.00,2023-01-10T12:53:33.883067
-1.01,-0.96,0.19,56.09,-22.34,96.80,-0.00,2023-01-10T12:53:33.891086
-0.99,-0.99,0.15,54.75,-6.16,101.14,-0.00,2023-01-10T12:53:33.899968
-0.93,-0.98,0.13,26.00,9.89,105.16,-0.00,2023-01-10T12:53:33.909728
-0.87,-0.90,0.13,13.79,15.26,107.73,-0.00,2023-01-10T12:53:33.919126
-0.87,-0.90,0.14,8.18,18.92,108.28,-0.00,2023-01-10T12:53:33.928014
-0.90,-0.95,0.14,7.08,21.18,106.57,-0.00,2023-01-10T12:53:33.936969
-0.94,-1.01,0.14,5.55,23.56,104.68,-0.00,2023-01-10T12:53:33.946648
-0.98,-1.07,0.13,1.22,27.83,103.76,-0.00,2023-01-10T12:53:33.956149
-1.04,-1.12,0.12,-7.69,35.16,103.64,-0.00,2023-01-10T12:53:33.965001
-1.10,-1.13,0.14,-21.18,45.53,104.19,-0.00,2023-01-10T12:53:33.974025
-1.14,-1.10,0.16,-36.93,57.68,105.77,-0.00,2023-01-10T12:53:33.982990
-1.17,-1.05,0.18,-50.23,70.86,107.48,-0.00,2023-01-10T12:53:33.992032
-1.10,-0.95,0.19,-56.88,83.19,110.60,-0.00,2023-01-10T12:53:34.001127
-1.00,-0.83,0.20,-57.74,91.98,115.60,-0.00,2023-01-10T12:53:34.010021
-0.91,-0.74,0.19,-38.09,96.19,129.64,-0.00,2023-01-10T12:53:34.019765
-0.84,-0.70,0.18,-38.51,92.90,137.70,-0.00,2023-01-10T12:53:34.029026
-0.76,-0.63,0.17,-32.29,87.52,144.65,-0.00,2023-01-10T12:53:34.038019
-0.76,-0.63,0.17,-26.49,81.05,149.84,-0.00,2023-01-10T12:53:34.046039
-0.67,-0.61,0.18,-19.84,75.07,152.89,-0.00,2023-01-10T12:53:34.054964
-0.67,-0.61,0.18,-12.76,70.92,153.75,-0.00,2023-01-10T12:53:34.063037
-0.63,-0.63,0.20,-8.24,69.76,153.32,-0.00,2023-01-10T12:53:34.071969
-0.63,-0.63,0.20,-7.39,71.29,152.71,-0.00,2023-01-10T12:53:34.080002
-0.61,-0.67,0.21,-9.28,74.77,151.67,-0.00,2023-01-10T12:53:34.089640
-0.57,-0.63,0.22,-12.63,79.65,150.94,-0.00,2023-01-10T12:53:34.099037
-0.55,-0.60,0.22,-15.69,85.14,150.45,-0.00,2023-01-10T12:53:34.108704
-0.50,-0.60,0.22,-15.93,90.58,149.29,-0.00,2023-01-10T12:53:34.118122
-0.45,-0.59,0.21,-15.26,95.83,148.86,-0.00,2023-01-10T12:53:34.126992
-0.39,-0.59,0.19,-15.14,100.34,148.68,-0.00,2023-01-10T12:53:34.136059
-0.33,-0.56,0.17,-15.01,103.33,147.95,-0.00,2023-01-10T12:53:34.145062
-0.26,-0.54,0.16,-13.85,104.68,147.03,-0.00,2023-01-10T12:53:34.154044
-0.21,-0.54,0.14,-11.11,104.19,146.06,-0.00,2023-01-10T12:53:34.163010
-0.14,-0.55,0.13,-7.02,102.17,145.32,-0.00,2023-01-10T12:53:34.171980
-0.09,-0.56,0.10,-4.46,99.49,145.08,-0.00,2023-01-10T12:53:34.180964
-0.05,-0.56,0.11,-2.99,91.55,145.02,-0.00,2023-01-10T12:53:34.190685
-0.01,-0.55,0.11,-0.85,87.28,144.65,-0.00,2023-01-10T12:53:34.200006
-0.01,-0.55,0.11,1.59,83.37,143.86,-0.00,2023-01-10T12:53:34.208018
0.04,-0.56,0.07,4.88,80.57,143.13,-0.00,2023-01-10T12:53:34.217663
0.12,-0.56,0.09,7.14,78.49,142.82,-0.00,2023-01-10T12:53:34.227022
0.14,-0.55,0.09,8.97,76.42,142.40,-0.00,2023-01-10T12:53:34.236067
0.19,-0.55,0.09,13.67,73.79,141.91,-0.00,2023-01-10T12:53:34.245656
0.25,-0.53,0.07,18.31,70.31,141.60,-0.00,2023-01-10T12:53:34.254926
0.30,-0.50,0.06,22.77,65.92,142.27,-0.00,2023-01-10T12:53:34.264695
0.33,-0.50,0.05,27.77,59.63,143.01,-0.00,2023-01-10T12:53:34.274589
0.36,-0.53,0.05,38.09,44.62,144.71,-0.00,2023-01-10T12:53:34.284246
0.38,-0.58,0.02,38.82,37.96,145.81,-0.00,2023-01-10T12:53:34.293851
0.38,-0.58,0.02,38.82,37.96,145.81,-0.00,2023-01-10T12:53:34.301689
0.38,-0.53,0.03,36.50,30.03,146.24,-0.00,2023-01-10T12:53:34.310958
0.38,-0.53,0.03,37.05,27.83,145.57,-0.00,2023-01-10T12:53:34.319081
0.38,-0.56,0.04,36.80,26.37,144.71,-0.00,2023-01-10T12:53:34.328045
0.38,-0.56,0.04,35.58,25.51,144.41,-0.00,2023-01-10T12:53:34.336078
0.37,-0.56,0.01,33.63,25.15,143.80,-0.00,2023-01-10T12:53:34.345667
0.36,-0.60,0.03,32.35,25.82,143.49,-0.00,2023-01-10T12:53:34.354902
0.36,-0.60,0.03,28.56,27.71,143.37,-0.00,2023-01-10T12:53:34.363931
0.36,-0.58,0.02,23.07,30.03,143.74,-0.00,2023-01-10T12:53:34.373691
0.40,-0.56,0.03,20.02,31.98,143.98,-0.00,2023-01-10T12:53:34.382934
0.44,-0.53,0.02,18.86,32.96,144.10,-0.00,2023-01-10T12:53:34.392012
0.47,-0.50,0.01,18.01,32.35,145.45,-0.00,2023-01-10T12:53:34.401664
0.48,-0.47,-0.01,16.54,30.15,147.34,-0.00,2023-01-10T12:53:34.411499
0.50,-0.43,-0.02,16.72,24.60,151.37,-0.00,2023-01-10T12:53:34.421099
0.53,-0.38,-0.06,18.07,21.42,153.08,-0.00,2023-01-10T12:53:34.429942
0.60,-0.33,-0.05,20.39,18.37,154.30,-0.00,2023-01-10T12:53:34.439673
0.60,-0.33,-0.05,21.18,15.50,154.66,-0.00,2023-01-10T12:53:34.448432
0.63,-0.29,-0.06,21.12,13.61,153.87,-0.00,2023-01-10T12:53:34.458113
0.64,-0.27,-0.08,21.12,12.33,152.10,-0.00,2023-01-10T12:53:34.466987
0.69,-0.26,-0.07,19.71,12.27,150.51,-0.00,2023-01-10T12:53:34.475950
0.74,-0.21,-0.07,15.50,12.88,149.05,-0.00,2023-01-10T12:53:34.485115
0.78,-0.16,-0.06,11.29,13.00,147.95,-0.00,2023-01-10T12:53:34.494023
0.83,-0.10,-0.05,8.73,12.02,146.12,-0.00,2023-01-10T12:53:34.503032
0.86,-0.05,-0.05,8.00,10.19,143.49,-0.00,2023-01-10T12:53:34.511999
0.91,0.01,-0.05,9.46,7.75,140.14,-0.00,2023-01-10T12:53:34.521656
0.98,0.04,-0.05,12.57,5.49,132.45,-0.00,2023-01-10T12:53:34.530949
1.08,0.08,-0.07,13.49,2.01,129.58,-0.00,2023-01-10T12:53:34.540627
1.30,0.27,-0.14,10.07,1.04,125.92,-0.00,2023-01-10T12:53:34.549954
1.40,0.40,-0.14,5.98,-0.24,120.42,-0.00,2023-01-10T12:53:34.558988
1.50,0.52,-0.14,4.58,-1.59,111.82,-0.00,2023-01-10T12:53:34.567945
1.59,0.62,-0.14,6.84,-3.85,100.89,-0.00,2023-01-10T12:53:34.577764
1.66,0.66,-0.14,11.41,-6.41,88.93,-0.00,2023-01-10T12:53:34.586927
1.76,0.64,-0.12,14.10,-9.09,77.15,-0.00,2023-01-10T12:53:34.595932
1.76,0.72,-0.19,8.12,-10.56,64.21,-0.00,2023-01-10T12:53:34.605599
1.93,0.75,-0.10,2.01,-14.28,46.08,-0.00,2023-01-10T12:53:34.614964
1.87,0.83,-0.21,-8.54,-8.73,3.05,-0.00,2023-01-10T12:53:34.624702
1.90,1.05,-0.16,-13.67,-4.09,-23.68,-0.00,2023-01-10T12:53:34.634424
1.99,0.76,0.21,14.10,-2.32,-29.36,-0.00,2023-01-10T12:53:34.644000
1.70,0.46,0.01,23.86,-0.37,-25.94,-0.00,2023-01-10T12:53:34.653074
1.68,0.51,-0.00,14.71,-7.63,-30.27,-0.00,2023-01-10T12:53:34.662081
1.64,0.57,0.02,7.93,-13.49,-43.88,-0.00,2023-01-10T12:53:34.671718
1.57,0.53,0.00,11.05,-13.00,-59.75,-0.00,2023-01-10T12:53:34.680927
1.48,0.44,-0.01,11.96,-10.44,-75.81,-0.00,2023-01-10T12:53:34.689991
1.40,0.37,-0.02,8.06,-6.04,-88.01,-0.00,2023-01-10T12:53:34.698910
1.34,0.31,-0.02,1.10,-0.67,-96.31,-0.00,2023-01-10T12:53:34.708036
1.29,0.27,-0.03,-6.35,4.82,-103.82,-0.00,2023-01-10T12:53:34.716952
1.25,0.24,-0.04,-13.00,9.16,-110.41,-0.00,2023-01-10T12:53:34.726649
1.21,0.20,-0.03,-20.39,11.35,-122.56,-0.00,2023-01-10T12:53:34.736107
1.16,0.15,-0.05,-22.34,9.03,-126.65,-0.00,2023-01-10T12:53:34.745007
1.13,0.10,-0.04,-23.80,5.80,-129.82,-0.00,2023-01-10T12:53:34.753986
1.02,0.07,-0.05,-25.57,1.46,-133.12,-0.00,2023-01-10T12:53:34.763646
0.98,0.04,-0.05,-25.27,-3.54,-135.56,-0.00,2023-01-10T12:53:34.772913
0.94,0.01,-0.04,-23.56,-8.85,-137.21,-0.00,2023-01-10T12:53:34.781926
0.90,-0.02,-0.04,-21.91,-14.40,-138.24,-0.00,2023-01-10T12:53:34.791804
0.88,-0.05,-0.03,-20.75,-19.78,-138.73,-0.00,2023-01-10T12:53:34.801060
0.85,-0.08,-0.02,-19.35,-24.96,-138.85,-0.00,2023-01-10T12:53:34.810017
0.82,-0.10,-0.02,-17.94,-29.79,-138.67,-0.00,2023-01-10T12:53:34.819086
0.78,-0.10,-0.00,-17.27,-34.61,-137.88,-0.00,2023-01-10T12:53:34.827978
0.76,-0.12,-0.00,-16.48,-39.67,-137.82,-0.00,2023-01-10T12:53:34.836990
0.72,-0.15,-0.00,-14.28,-44.56,-138.24,-0.00,2023-01-10T12:53:34.846011
0.67,-0.20,-0.01,-13.31,-49.38,-139.59,-0.00,2023-01-10T12:53:34.854939
0.62,-0.25,-0.02,-13.31,-49.38,-139.59,-0.00,2023-01-10T12:53:34.862987
0.58,-0.29,-0.01,-17.82,-56.52,-142.40,-0.00,2023-01-10T12:53:34.871937
0.53,-0.33,-0.01,-17.82,-56.52,-142.40,-0.00,2023-01-10T12:53:34.879959
0.49,-0.34,0.02,-26.73,-57.62,-145.51,-0.00,2023-01-10T12:53:34.889144
0.45,-0.35,0.05,-34.06,-50.54,-154.17,-0.00,2023-01-10T12:53:34.898719
0.38,-0.35,0.09,-37.35,-46.02,-158.26,-0.00,2023-01-10T12:53:34.908160
0.37,-0.33,0.12,-39.18,-42.24,-161.07,-0.00,2023-01-10T12:53:34.917032
0.36,-0.32,0.14,-39.37,-40.04,-162.90,-0.00,2023-01-10T12:53:34.925986
0.36,-0.32,0.15,-38.45,-39.61,-164.00,-0.00,2023-01-10T12:53:34.935069
0.34,-0.30,0.15,-38.09,-40.71,-164.37,-0.00,2023-01-10T12:53:34.944005
0.32,-0.29,0.14,-37.66,-42.54,-164.79,-0.00,2023-01-10T12:53:34.952988
0.30,-0.30,0.13,-34.91,-44.74,-165.89,-0.00,2023-01-10T12:53:34.961957
0.27,-0.32,0.13,-34.36,-46.63,-167.05,-0.00,2023-01-10T12:53:34.970992
0.24,-0.32,0.12,-36.56,-48.58,-168.33,-0.00,2023-01-10T12:53:34.979964
0.22,-0.31,0.12,-38.02,-50.42,-169.49,-0.00,2023-01-10T12:53:34.988941
0.19,-0.30,0.14,-39.12,-52.98,-171.33,-0.00,2023-01-10T12:53:34.997929
0.14,-0.29,0.16,-36.44,-57.13,-173.22,-0.00,2023-01-10T12:53:35.007007
0.09,-0.33,0.15,-27.83,-62.26,-175.90,-0.00,2023-01-10T12:53:35.016023
0.04,-0.39,0.15,-20.87,-67.14,-178.47,-0.00,2023-01-10T12:53:35.025009
-0.02,-0.42,0.13,-20.45,-70.19,-180.11,-0.00,2023-01-10T12:53:35.034001
-0.07,-0.40,0.12,-20.45,-70.19,-180.11,-0.00,2023-01-10T12:53:35.041976
-0.12,-0.35,0.12,-28.20,-72.27,-180.60,-0.00,2023-01-10T12:53:35.051042
-0.16,-0.34,0.12,-28.20,-72.27,-180.60,-0.00,2023-01-10T12:53:35.059065
-0.20,-0.32,0.11,-27.34,-73.91,-182.74,-0.00,2023-01-10T12:53:35.068098
-0.24,-0.31,0.11,-26.37,-77.51,-185.12,-0.00,2023-01-10T12:53:35.077118
-0.29,-0.29,0.11,-26.37,-77.51,-185.12,-0.00,2023-01-10T12:53:35.085106
-0.34,-0.29,0.12,-6.10,-87.10,-187.74,-0.00,2023-01-10T12:53:35.093983
-0.40,-0.34,0.11,-6.10,-87.10,-187.74,-0.00,2023-01-10T12:53:35.102105
-0.47,-0.40,0.10,-3.91,-99.06,-187.99,-0.00,2023-01-10T12:53:35.111082
-0.55,-0.48,0.08,-3.91,-99.06,-187.99,-0.00,2023-01-10T12:53:35.119064
-0.62,-0.52,0.06,1.89,-104.61,-181.21,-0.00,2023-01-10T12:53:35.127986
-0.68,-0.52,0.06,1.89,-104.61,-181.21,-0.00,2023-01-10T12:53:35.136067
-0.72,-0.49,0.07,-12.33,-103.58,-175.11,-0.00,2023-01-10T12:53:35.145015
-0.74,-0.46,0.08,-12.33,-103.58,-175.11,-0.00,2023-01-10T12:53:35.153131
-0.81,-0.42,0.10,-21.30,-103.52,-172.67,-0.00,2023-01-10T12:53:35.161974
-0.87,-0.43,0.16,-21.30,-103.52,-172.67,-0.00,2023-01-10T12:53:35.170020
-0.89,-0.47,0.19,-13.43,-104.68,-172.18,-0.00,2023-01-10T12:53:35.179008
-0.93,-0.47,0.22,-13.43,-104.68,-172.18,-0.00,2023-01-10T12:53:35.186994
-0.97,-0.47,0.25,-8.48,-106.51,-171.69,-0.00,2023-01-10T12:53:35.195983
-1.05,-0.50,0.29,-8.48,-106.51,-171.69,-0.00,2023-01-10T12:53:35.204027
-1.17,-0.56,0.35,-3.11,-105.41,-173.77,-0.00,2023-01-10T12:53:35.213028
-1.28,-0.68,0.42,-3.11,-105.41,-173.77,-0.00,2023-01-10T12:53:35.220971
-1.41,-0.82,0.49,5.80,-98.14,-157.90,-0.00,2023-01-10T12:53:35.229983
-1.51,-0.93,0.53,2.87,-81.36,-166.69,-0.00,2023-01-10T12:53:35.239662
-1.54,-0.94,0.57,1.95,-70.37,-160.16,-0.00,2023-01-10T12:53:35.248959
-1.54,-0.94,0.57,4.88,-60.49,-151.12,-0.00,2023-01-10T12:53:35.256986
-1.31,-0.73,0.47,12.57,-54.44,-138.67,-0.00,2023-01-10T12:53:35.266010
-1.31,-0.73,0.47,24.78,-52.49,-125.00,-0.00,2023-01-10T12:53:35.273974
-1.11,-0.71,0.25,36.56,-54.75,-111.15,-0.00,2023-01-10T12:53:35.283002
-1.11,-0.71,0.25,42.66,-59.08,-100.40,-0.00,2023-01-10T12:53:35.290946
-1.10,-0.89,0.22,36.38,-62.38,-95.09,-0.00,2023-01-10T12:53:35.300656
-1.22,-1.08,0.23,13.43,-64.76,-94.73,-0.00,2023-01-10T12:53:35.310108
-1.32,-1.09,0.25,-8.42,-62.44,-99.85,-0.00,2023-01-10T12:53:35.318982
-1.36,-1.06,0.39,-18.01,-56.09,-107.73,-0.00,2023-01-10T12:53:35.328651
-1.42,-1.04,0.49,-21.48,-48.40,-114.56,-0.00,2023-01-10T12:53:35.337937
-1.55,-0.88,0.72,-10.31,-38.09,-116.21,-0.00,2023-01-10T12:53:35.346962
-4.00,-4.00,2.22,108.70,13.85,-124.88,-0.00,2023-01-10T12:53:35.355954
-4.00,-2.82,0.77,18.49,8.54,-231.26,-0.00,2023-01-10T12:53:35.364938
-1.13,0.14,1.03,-91.67,17.88,-103.27,-0.00,2023-01-10T12:53:35.373949
-1.27,-0.33,0.69,-29.42,39.67,15.26,-0.00,2023-01-10T12:53:35.383647
-1.53,-0.96,0.75,32.04,38.82,65.37,-0.00,2023-01-10T12:53:35.392986
-1.16,-1.05,0.44,35.40,20.94,77.27,-0.00,2023-01-10T12:53:35.402637
-1.16,-1.05,0.44,15.32,-1.59,81.73,-0.00,2023-01-10T12:53:35.411364
-0.75,-0.75,0.32,24.29,-5.55,90.33,-0.00,2023-01-10T12:53:35.421189
-0.65,-0.76,-0.02,46.26,-9.89,83.50,-0.00,2023-01-10T12:53:35.429976
-0.63,-0.79,-0.08,58.04,-19.23,72.33,-0.00,2023-01-10T12:53:35.438920
-0.56,-0.80,-0.08,54.99,-20.69,64.51,-0.00,2023-01-10T12:53:35.447961
-0.56,-0.80,0.01,37.11,-18.86,56.09,-0.00,2023-01-10T12:53:35.456942
-0.61,-0.73,0.14,21.24,-18.92,47.49,-0.00,2023-01-10T12:53:35.465934
-0.72,-0.67,0.25,17.76,-21.79,38.27,-0.00,2023-01-10T12:53:35.474931
-0.88,-0.73,0.31,29.72,-22.46,27.22,-0.00,2023-01-10T12:53:35.483957
-1.02,-0.90,0.32,49.19,-18.98,17.58,-0.00,2023-01-10T12:53:35.492930
-1.13,-1.07,0.30,60.18,-13.06,16.30,-0.00,2023-01-10T12:53:35.501953
-1.13,-1.12,0.27,55.66,-0.18,40.71,-0.00,2023-01-10T12:53:35.511625
-1.09,-1.06,0.26,28.38,4.82,55.66,-0.00,2023-01-10T12:53:35.520950
-1.00,-0.97,0.27,22.28,7.14,67.87,-0.00,2023-01-10T12:53:35.530609
-1.00,-0.99,0.27,22.40,6.16,75.01,-0.00,2023-01-10T12:53:35.539910
-1.06,-1.06,0.24,24.60,4.39,76.97,-0.00,2023-01-10T12:53:35.548916
-1.11,-1.15,0.21,26.25,4.27,76.17,-0.00,2023-01-10T12:53:35.558619
-1.16,-1.19,0.18,22.77,7.75,76.35,-0.00,2023-01-10T12:53:35.567913
-1.19,-1.18,0.16,14.04,14.83,78.61,-0.00,2023-01-10T12:53:35.577135
-1.16,-1.14,0.16,4.39,23.38,83.50,-0.00,2023-01-10T12:53:35.585971
-1.11,-1.07,0.16,-2.87,31.31,89.36,-0.00,2023-01-10T12:53:35.594918
-1.03,-1.00,0.17,-5.86,36.38,95.46,-0.00,2023-01-10T12:53:35.603893
-0.96,-0.95,0.18,-5.07,38.09,101.50,-0.00,2023-01-10T12:53:35.613618
-0.91,-0.91,0.20,-2.44,31.43,112.67,-0.00,2023-01-10T12:53:35.622942
-0.87,-0.88,0.20,-3.23,26.92,116.33,-0.00,2023-01-10T12:53:35.631925
-0.90,-0.88,0.22,-6.04,25.15,118.29,-0.00,2023-01-10T12:53:35.641616
-0.93,-0.86,0.22,-10.56,26.25,119.26,-0.00,2023-01-10T12:53:35.650938
-0.97,-0.87,0.23,-16.24,31.13,119.63,-0.00,2023-01-10T12:53:35.659932
-1.01,-0.86,0.24,-22.40,39.12,119.26,-0.00,2023-01-10T12:53:35.668943
-0.98,-0.82,0.23,-28.08,49.80,119.63,-0.00,2023-01-10T12:53:35.677943
-0.91,-0.76,0.22,-31.25,61.52,120.12,-0.00,2023-01-10T12:53:35.687631
-0.85,-0.73,0.21,-32.59,72.33,121.09,-0.00,2023-01-10T12:53:35.696934
-0.77,-0.71,0.21,-33.08,80.75,122.74,-0.00,2023-01-10T12:53:35.706162
-0.70,-0.68,0.19,-34.00,86.49,125.31,-0.00,2023-01-10T12:53:35.715670
-0.63,-0.64,0.19,-33.87,90.21,127.99,-0.00,2023-01-10T12:53:35.724918
-0.58,-0.58,0.21,-31.01,89.84,127.87,-0.00,2023-01-10T12:53:35.734747
-0.58,-0.58,0.21,-24.78,88.20,125.61,-0.00,2023-01-10T12:53:35.743437
-0.48,-0.59,0.23,-16.48,86.73,122.74,-0.00,2023-01-10T12:53:35.753072
-0.48,-0.63,0.24,-10.74,86.36,120.48,-0.00,2023-01-10T12:53:35.761957
-0.49,-0.66,0.24,-8.54,87.28,118.35,-0.00,2023-01-10T12:53:35.770953
-0.51,-0.71,0.27,-8.73,89.29,116.33,-0.00,2023-01-10T12:53:35.780622
-0.54,-0.76,0.29,-11.29,93.26,114.20,-0.00,2023-01-10T12:53:35.789926
-0.56,-0.79,0.31,-15.62,100.10,112.37,-0.00,2023-01-10T12:53:35.799696
-0.55,-0.80,0.33,-20.39,108.64,109.62,-0.00,2023-01-10T12:53:35.809083
-0.55,-0.81,0.33,-24.05,119.45,107.79,-0.00,2023-01-10T12:53:35.818091
-0.52,-0.78,0.34,-27.65,130.13,108.46,-0.00,2023-01-10T12:53:35.826972
-0.47,-0.76,0.33,-27.65,130.13,108.46,-0.00,2023-01-10T12:53:35.834965
-0.42,-0.72,0.33,-32.17,144.96,113.53,-0.00,2023-01-10T12:53:35.843968
-0.38,-0.68,0.32,-32.17,144.96,113.53,-0.00,2023-01-10T12:53:35.851987
-0.33,-0.65,0.30,-26.92,150.09,117.19,-0.00,2023-01-10T12:53:35.861029
-0.27,-0.62,0.29,-26.92,150.09,117.19,-0.00,2023-01-10T12:53:35.869021
-0.20,-0.61,0.24,-11.23,149.54,117.98,-0.00,2023-01-10T12:53:35.877974
-0.14,-0.60,0.20,-11.23,149.54,117.98,-0.00,2023-01-10T12:53:35.886089
-0.08,-0.58,0.16,3.91,144.84,120.67,-0.00,2023-01-10T12:53:35.894949
-0.05,-0.59,0.14,6.04,137.08,120.79,-0.00,2023-01-10T12:53:35.903946
0.03,-0.56,0.10,10.38,133.06,119.45,-0.00,2023-01-10T12:53:35.913620
0.03,-0.56,0.10,14.04,127.08,118.71,-0.00,2023-01-10T12:53:35.922354
0.15,-0.47,0.09,26.12,117.49,119.69,-0.00,2023-01-10T12:53:35.932102
0.30,-0.40,0.04,42.79,104.61,121.83,-0.00,2023-01-10T12:53:35.940927
0.36,-0.39,0.01,56.21,90.94,123.17,-0.00,2023-01-10T12:53:35.949962
0.41,-0.40,-0.01,66.41,76.35,124.39,-0.00,2023-01-10T12:53:35.959729
0.41,-0.40,-0.01,73.97,62.32,124.02,-0.00,2023-01-10T12:53:35.968327
0.47,-0.41,-0.03,79.16,48.65,124.51,-0.00,2023-01-10T12:53:35.978223
0.54,-0.44,-0.06,82.09,36.50,124.51,-0.00,2023-01-10T12:53:35.987842
0.56,-0.46,-0.07,82.40,18.49,122.13,-0.00,2023-01-10T12:53:35.997599
0.58,-0.48,-0.08,82.40,18.49,122.13,-0.00,2023-01-10T12:53:36.006343
0.59,-0.49,-0.07,77.64,12.76,120.36,-0.00,2023-01-10T12:53:36.016139
0.62,-0.51,-0.08,69.52,7.14,116.09,-0.00,2023-01-10T12:53:36.024938
0.62,-0.54,-0.08,64.64,5.49,114.32,-0.00,2023-01-10T12:53:36.034610
0.62,-0.54,-0.08,59.33,4.94,112.55,-0.00,2023-01-10T12:53:36.043471
0.61,-0.57,-0.07,59.33,4.94,112.55,-0.00,2023-01-10T12:53:36.051879
0.64,-0.55,-0.04,44.13,7.08,110.05,-0.00,2023-01-10T12:53:36.060958
0.68,-0.52,-0.03,39.55,8.24,109.07,-0.00,2023-01-10T12:53:36.069950
0.71,-0.51,-0.03,37.84,7.69,108.15,-0.00,2023-01-10T12:53:36.078922
0.74,-0.50,-0.04,37.41,5.31,107.91,-0.00,2023-01-10T12:53:36.087951
0.77,-0.49,-0.04,37.23,1.22,108.34,-0.00,2023-01-10T12:53:36.096882
0.78,-0.46,-0.04,36.99,-4.33,109.13,-0.00,2023-01-10T12:53:36.106637
0.80,-0.43,-0.04,36.44,-11.23,110.47,-0.00,2023-01-10T12:53:36.115972
0.83,-0.39,-0.04,35.77,-18.98,111.02,-0.00,2023-01-10T12:53:36.124936
0.85,-0.39,-0.05,36.38,-42.42,107.79,-0.00,2023-01-10T12:53:36.133964
0.86,-0.45,-0.07,36.38,-42.42,107.79,-0.00,2023-01-10T12:53:36.141942
0.84,-0.51,-0.07,42.36,-37.84,98.69,-0.00,2023-01-10T12:53:36.150940
0.84,-0.53,-0.06,42.36,-37.84,98.69,-0.00,2023-01-10T12:53:36.158902
0.83,-0.51,-0.05,24.66,-27.95,87.89,-0.00,2023-01-10T12:53:36.168628
0.82,-0.56,-0.02,22.89,-19.71,80.26,-0.00,2023-01-10T12:53:36.178003
0.82,-0.56,-0.02,17.21,-9.16,74.04,-0.00,2023-01-10T12:53:36.185971
0.81,-0.55,0.02,6.65,0.12,70.37,-0.00,2023-01-10T12:53:36.194899
0.87,-0.50,0.04,0.73,8.30,66.41,-0.00,2023-01-10T12:53:36.204604
0.87,-0.50,0.04,-2.20,13.98,63.05,-0.00,2023-01-10T12:53:36.213303
0.86,-0.47,0.06,-2.20,13.98,63.05,-0.00,2023-01-10T12:53:36.221822
0.88,-0.43,0.09,-3.72,16.72,59.33,-0.00,2023-01-10T12:53:36.230902
0.86,-0.42,0.11,-0.79,14.40,58.29,-0.00,2023-01-10T12:53:36.239929
0.88,-0.42,0.12,3.05,10.62,57.92,-0.00,2023-01-10T12:53:36.248888
0.88,-0.42,0.11,7.26,7.20,58.35,-0.00,2023-01-10T12:53:36.258610
0.88,-0.42,0.11,11.11,3.30,59.63,-0.00,2023-01-10T12:53:36.267304
0.93,-0.39,0.10,16.30,0.18,60.06,-0.00,2023-01-10T12:53:36.276850
0.97,-0.38,0.07,21.36,-2.20,58.96,-0.00,2023-01-10T12:53:36.286621
1.03,-0.34,0.03,24.96,-3.85,57.37,-0.00,2023-01-10T12:53:36.295909
1.11,-0.31,-0.02,24.96,-3.85,57.37,-0.00,2023-01-10T12:53:36.303971
1.15,-0.26,-0.05,27.83,-5.80,56.82,-0.00,2023-01-10T12:53:36.312991
1.21,-0.18,-0.07,27.83,-5.80,56.82,-0.00,2023-01-10T12:53:36.320943
1.28,-0.10,-0.10,25.82,-10.13,53.04,-0.00,2023-01-10T12:53:36.329896
1.35,-0.03,-0.12,25.82,-10.13,53.04,-0.00,2023-01-10T12:53:36.337948
1.39,0.02,-0.14,26.86,-16.05,39.55,-0.00,2023-01-10T12:53:36.346885
1.40,0.04,-0.17,26.86,-16.05,39.55,-0.00,2023-01-10T12:53:36.354918
1.40,0.02,-0.19,29.11,-19.53,28.50,-0.00,2023-01-10T12:53:36.363976
1.39,-0.02,-0.21,29.11,-19.53,28.50,-0.00,2023-01-10T12:53:36.372012
1.38,-0.05,-0.23,20.02,-17.21,-12.39,-0.00,2023-01-10T12:53:36.380885
1.37,-0.04,-0.23,-5.80,-10.68,-18.68,-0.00,2023-01-10T12:53:36.389923
1.37,-0.01,-0.21,-5.80,-10.68,-18.68,-0.00,2023-01-10T12:53:36.397922
1.37,0.02,-0.20,-9.52,-6.53,-38.02,-0.00,2023-01-10T12:53:36.407032
1.37,0.03,-0.18,-9.52,-6.53,-38.02,-0.00,2023-01-10T12:53:36.414963
1.37,0.02,-0.17,-16.11,-9.40,-53.41,-0.00,2023-01-10T12:53:36.423882
1.35,0.01,-0.13,-17.70,-13.37,-59.57,-0.00,2023-01-10T12:53:36.433687
1.29,0.01,-0.14,-17.40,-18.62,-65.25,-0.00,2023-01-10T12:53:36.442974
1.26,0.00,-0.13,-16.60,-24.54,-70.37,-0.00,2023-01-10T12:53:36.452635
1.22,-0.02,-0.11,-16.24,-30.64,-75.01,-0.00,2023-01-10T12:53:36.462521
1.17,-0.02,-0.09,-16.11,-36.68,-79.35,-0.00,2023-01-10T12:53:36.471299
1.12,-0.03,-0.07,-15.56,-41.81,-83.92,-0.00,2023-01-10T12:53:36.480382
1.08,-0.05,-0.05,-14.40,-45.72,-89.66,-0.00,2023-01-10T12:53:36.488984
1.03,-0.07,-0.04,-13.55,-48.22,-96.25,-0.00,2023-01-10T12:53:36.498103
0.99,-0.09,-0.02,-13.00,-49.26,-102.97,-0.00,2023-01-10T12:53:36.507013
0.95,-0.11,-0.01,-14.04,-48.89,-110.11,-0.00,2023-01-10T12:53:36.515929
0.90,-0.12,0.01,-16.48,-47.30,-117.00,-0.00,2023-01-10T12:53:36.525042
0.85,-0.13,0.02,-19.71,-44.98,-123.90,-0.00,2023-01-10T12:53:36.533934
0.81,-0.14,0.03,-23.44,-41.81,-130.55,-0.00,2023-01-10T12:53:36.542912
0.77,-0.15,0.04,-27.10,-35.77,-143.92,-0.00,2023-01-10T12:53:36.551901
0.73,-0.16,0.05,-27.10,-35.77,-143.92,-0.00,2023-01-10T12:53:36.559941
0.69,-0.16,0.06,-34.36,-31.86,-154.79,-0.00,2023-01-10T12:53:36.569005
0.66,-0.16,0.07,-34.36,-31.86,-154.79,-0.00,2023-01-10T12:53:36.576972
0.63,-0.16,0.08,-39.92,-32.59,-163.33,-0.00,2023-01-10T12:53:36.585994
0.59,-0.16,0.09,-39.92,-32.59,-163.33,-0.00,2023-01-10T12:53:36.593958
0.55,-0.17,0.09,-40.28,-37.60,-170.04,-0.00,2023-01-10T12:53:36.603097
0.50,-0.17,0.09,-40.28,-37.60,-170.04,-0.00,2023-01-10T12:53:36.610997
0.45,-0.19,0.09,-35.71,-43.64,-176.03,-0.00,2023-01-10T12:53:36.620744
0.39,-0.22,0.09,-35.52,-46.51,-179.14,-0.00,2023-01-10T12:53:36.629898
0.39,-0.22,0.09,-34.36,-49.38,-182.37,-0.00,2023-01-10T12:53:36.637950
0.26,-0.31,0.09,-32.53,-52.25,-185.61,-0.00,2023-01-10T12:53:36.646883
0.26,-0.31,0.09,-32.47,-54.38,-187.93,-0.00,2023-01-10T12:53:36.654962
0.14,-0.32,0.09,-33.87,-55.73,-189.45,-0.00,2023-01-10T12:53:36.663889
0.14,-0.32,0.09,-37.66,-57.01,-190.61,-0.00,2023-01-10T12:53:36.671922
0.02,-0.32,0.13,-40.77,-58.41,-191.96,-0.00,2023-01-10T12:53:36.680921
0.02,-0.32,0.13,-39.61,-61.10,-193.73,-0.00,2023-01-10T12:53:36.688931
-0.10,-0.32,0.15,-34.36,-64.70,-195.37,-0.00,2023-01-10T12:53:36.697972
-0.10,-0.32,0.15,-29.66,-68.05,-195.98,-0.00,2023-01-10T12:53:36.705945
-0.20,-0.39,0.15,-27.65,-70.86,-195.37,-0.00,2023-01-10T12:53:36.714924
-0.32,-0.38,0.16,-28.69,-73.79,-194.09,-0.00,2023-01-10T12:53:36.723948
-0.32,-0.38,0.16,-27.77,-78.43,-193.91,-0.00,2023-01-10T12:53:36.732005
-0.47,-0.45,0.20,-17.52,-84.66,-194.64,-0.00,2023-01-10T12:53:36.740944
-0.47,-0.45,0.20,-5.86,-90.09,-195.31,-0.00,2023-01-10T12:53:36.748969
-0.56,-0.60,0.20,-3.48,-93.38,-193.91,-0.00,2023-01-10T12:53:36.758623
-0.56,-0.60,0.20,-3.48,-93.38,-193.91,-0.00,2023-01-10T12:53:36.766449
-0.75,-0.74,0.22,-8.36,-93.81,-190.80,-0.00,2023-01-10T12:53:36.776229
-0.86,-0.77,0.27,-21.18,-85.94,-182.13,-0.00,2023-01-10T12:53:36.785031
-0.87,-0.75,0.28,-26.18,-79.71,-177.37,-0.00,2023-01-10T12:53:36.794059
-0.88,-0.72,0.30,-30.27,-73.36,-171.51,-0.00,2023-01-10T12:53:36.803051
-0.89,-0.68,0.32,-32.90,-69.27,-165.34,-0.00,2023-01-10T12:53:36.811944
-0.91,-0.67,0.34,-32.71,-68.18,-158.94,-0.00,2023-01-10T12:53:36.820921
-0.94,-0.70,0.36,-28.87,-69.82,-152.65,-0.00,2023-01-10T12:53:36.829896
-0.98,-0.79,0.39,-22.28,-73.12,-146.67,-0.00,2023-01-10T12:53:36.838903
-1.02,-0.90,0.42,-19.35,-76.17,-140.99,-0.00,2023-01-10T12:53:36.847934
-1.04,-0.97,0.45,-16.30,-76.11,-135.13,-0.00,2023-01-10T12:53:36.856940
-1.07,-1.01,0.48,-15.93,-73.91,-130.55,-0.00,2023-01-10T12:53:36.865915
-1.12,-1.03,0.51,-19.53,-69.46,-126.04,-0.00,2023-01-10T12:53:36.875072
-1.13,-1.02,0.56,-23.38,-63.11,-121.70,-0.00,2023-01-10T12:53:36.883944
-1.12,-1.02,0.59,-26.61,-49.50,-116.46,-0.00,2023-01-10T12:53:36.892920
-1.10,-1.00,0.61,-26.61,-49.50,-116.46,-0.00,2023-01-10T12:53:36.901024
-1.07,-0.94,0.60,-30.76,-37.48,-108.40,-0.00,2023-01-10T12:53:36.910019
-1.02,-0.88,0.58,-30.76,-37.48,-108.40,-0.00,2023-01-10T12:53:36.918000
-0.98,-0.82,0.55,-32.96,-28.38,-100.34,-0.00,2023-01-10T12:53:36.926931
-0.94,-0.77,0.51,-32.96,-28.38,-100.34,-0.00,2023-01-10T12:53:36.934983
-0.89,-0.73,0.48,-27.83,-25.57,-95.28,-0.00,2023-01-10T12:53:36.943915
-0.87,-0.70,0.46,-27.83,-25.57,-95.28,-0.00,2023-01-10T12:53:36.951941
-0.84,-0.69,0.45,-13.12,-43.70,-88.93,-0.00,2023-01-10T12:53:36.961024
-0.78,-0.68,0.44,-13.12,-43.70,-88.93,-0.00,2023-01-10T12:53:36.968967
-0.76,-0.68,0.42,14.04,-42.18,-74.77,-0.00,2023-01-10T12:53:36.977964
-0.75,-0.67,0.40,14.04,-42.18,-74.77,-0.00,2023-01-10T12:53:36.985981
-0.74,-0.66,0.36,32.53,-64.70,-58.72,-0.00,2023-01-10T12:53:36.994976
-0.76,-0.70,0.34,32.53,-64.70,-58.72,-0.00,2023-01-10T12:53:37.003081
-0.80,-0.76,0.38,42.30,-80.02,-55.54,-0.00,2023-01-10T12:53:37.011947
-0.87,-0.75,0.41,42.30,-80.02,-55.54,-0.00,2023-01-10T12:53:37.019964
-0.92,-0.74,0.39,26.06,-79.83,-58.65,-0.00,2023-01-10T12:53:37.028950
-0.95,-0.71,0.43,9.95,-62.19,-66.96,-0.00,2023-01-10T12:53:37.037929
-0.98,-0.71,0.47,1.77,-50.17,-70.68,-0.00,2023-01-10T12:53:37.047614
-0.98,-0.71,0.47,-5.25,-37.48,-73.85,-0.00,2023-01-10T12:53:37.055926
-1.12,-0.80,0.48,-7.39,-24.17,-77.45,-0.00,2023-01-10T12:53:37.064930
-1.12,-0.80,0.48,-7.20,-11.72,-79.83,-0.00,2023-01-10T12:53:37.072956
-1.18,-0.91,0.51,-9.95,-2.01,-78.86,-0.00,2023-01-10T12:53:37.081884
-1.18,-0.91,0.51,-15.62,3.85,-74.58,-0.00,2023-01-10T12:53:37.089955
-1.22,-0.90,0.51,-19.78,7.63,-67.99,-0.00,2023-01-10T12:53:37.099035
-1.22,-0.90,0.51,-6.41,14.40,-59.94,-0.00,2023-01-10T12:53:37.106957
-1.25,-0.66,0.65,51.88,42.66,-51.39,-0.00,2023-01-10T12:53:37.116614
-1.25,-0.66,0.65,51.88,42.66,-51.39,-0.00,2023-01-10T12:53:37.124389
-2.12,-1.66,0.50,34.42,24.96,-61.71,-0.00,2023-01-10T12:53:37.133968
-1.33,-0.98,0.47,13.18,12.39,-19.10,-0.00,2023-01-10T12:53:37.143702
-1.27,-0.92,0.43,12.33,12.27,8.85,-0.00,2023-01-10T12:53:37.152903
-1.25,-1.35,0.36,2.93,-0.61,32.53,-0.00,2023-01-10T12:53:37.162590
-0.96,-0.92,0.72,-28.93,-38.45,42.18,-0.00,2023-01-10T12:53:37.171956
-0.86,-0.79,0.45,-18.37,-40.41,56.70,-0.00,2023-01-10T12:53:37.180935
-0.93,-0.68,0.39,10.44,-32.71,71.53,-0.00,2023-01-10T12:53:37.189897
-0.93,-0.78,0.34,42.97,-31.98,69.82,-0.00,2023-01-10T12:53:37.198900
