-0.87,-0.79,0.26,11.84,-2.08,10.44,-0.00,2023-01-10T12:52:44.757876
-0.87,-0.79,0.26,17.03,-1.83,12.76,-0.00,2023-01-10T12:52:44.765934
-0.91,-0.90,0.28,16.54,-3.85,16.05,-0.00,2023-01-10T12:52:44.774970
-0.91,-0.90,0.28,13.85,-6.23,20.02,-0.00,2023-01-10T12:52:44.782960
-0.94,-0.88,0.28,12.51,-7.08,23.80,-0.00,2023-01-10T12:52:44.791877
-0.93,-0.87,0.27,12.82,-6.59,27.40,-0.00,2023-01-10T12:52:44.801578
-0.92,-0.88,0.26,13.49,-5.13,30.46,-0.00,2023-01-10T12:52:44.810931
-0.90,-0.88,0.24,13.73,-3.60,32.65,-0.00,2023-01-10T12:52:44.820739
-0.90,-0.88,0.24,12.88,-1.71,34.42,-0.00,2023-01-10T12:52:44.829325
-0.87,-0.87,0.22,11.54,0.49,35.16,-0.00,2023-01-10T12:52:44.839052
-0.78,-0.81,0.19,10.31,2.14,35.52,-0.00,2023-01-10T12:52:44.847896
-0.72,-0.77,0.17,10.62,3.11,35.64,-0.00,2023-01-10T12:52:44.857629
-0.70,-0.74,0.14,11.11,3.05,36.68,-0.00,2023-01-10T12:52:44.866945
-0.67,-0.70,0.11,12.08,1.95,37.29,-0.00,2023-01-10T12:52:44.876674
-0.61,-0.66,0.05,10.86,0.92,37.48,-0.00,2023-01-10T12:52:44.885930
-0.56,-0.63,0.04,7.39,0.00,37.29,-0.00,2023-01-10T12:52:44.895564
-0.47,-0.57,0.07,1.46,-0.98,37.23,-0.00,2023-01-10T12:52:44.904891
-0.38,-0.49,0.12,-6.77,-1.89,37.11,-0.00,2023-01-10T12:52:44.913941
-0.33,-0.38,0.14,-14.53,-2.87,35.95,-0.00,2023-01-10T12:52:44.922883
-0.25,-0.28,0.18,-18.98,-3.91,33.69,-0.00,2023-01-10T12:52:44.931895
-0.20,-0.21,0.22,-18.62,-4.82,29.17,-0.00,2023-01-10T12:52:44.940871
-0.17,-0.16,0.24,-17.70,-7.02,23.93,-0.00,2023-01-10T12:52:44.950616
-0.16,-0.14,0.23,-16.78,-10.38,17.76,-0.00,2023-01-10T12:52:44.960106
-0.17,-0.15,0.21,-14.16,-13.31,10.13,-0.00,2023-01-10T12:52:44.968943
-0.21,-0.20,0.19,-9.09,-12.39,-9.09,-0.00,2023-01-10T12:52:44.977908
-0.26,-0.27,0.18,-9.09,-12.39,-9.09,-0.00,2023-01-10T12:52:44.985935
-0.33,-0.34,0.19,-0.55,-9.03,-30.64,-0.00,2023-01-10T12:52:44.994985
-0.38,-0.40,0.21,1.22,-0.67,-40.41,-0.00,2023-01-10T12:52:45.004605
-0.51,-0.49,0.25,-0.61,3.17,-48.52,-0.00,2023-01-10T12:52:45.014330
-0.51,-0.49,0.25,-1.22,6.84,-54.93,-0.00,2023-01-10T12:52:45.023059
-0.63,-0.57,0.30,0.43,9.40,-58.78,-0.00,2023-01-10T12:52:45.031958
-0.68,-0.59,0.32,2.75,9.09,-60.24,-0.00,2023-01-10T12:52:45.040877
-0.74,-0.62,0.31,4.82,6.53,-58.78,-0.00,2023-01-10T12:52:45.050640
-0.74,-0.62,0.31,7.14,2.99,-55.66,-0.00,2023-01-10T12:52:45.059260
-0.83,-0.72,0.27,8.42,-0.18,-51.51,-0.00,2023-01-10T12:52:45.067905
-0.86,-0.75,0.25,7.69,-2.26,-46.81,-0.00,2023-01-10T12:52:45.077050
-0.87,-0.77,0.22,4.82,-3.17,-42.18,-0.00,2023-01-10T12:52:45.086612
-0.86,-0.76,0.20,0.92,-2.56,-38.15,-0.00,2023-01-10T12:52:45.095949
-0.83,-0.73,0.19,-2.93,-1.04,-35.71,-0.00,2023-01-10T12:52:45.104891
-0.80,-0.62,0.18,-4.15,1.89,-33.87,-0.00,2023-01-10T12:52:45.113932
-0.88,-0.74,0.18,14.89,33.39,-38.21,-0.00,2023-01-10T12:52:45.122916
-1.31,-1.60,0.32,14.89,33.39,-38.21,-0.00,2023-01-10T12:52:45.130958
-1.81,-2.23,0.19,57.62,20.51,-70.80,-0.00,2023-01-10T12:52:45.139895
-1.52,-1.09,0.19,-26.43,28.02,-39.31,-0.00,2023-01-10T12:52:45.149615
-1.02,-0.89,0.18,-38.09,39.25,-8.61,-0.00,2023-01-10T12:52:45.158917
-0.95,-0.87,0.18,-41.20,41.69,13.61,-0.00,2023-01-10T12:52:45.167910
-0.80,-0.73,0.19,-43.76,26.92,25.27,-0.00,2023-01-10T12:52:45.177621
-0.80,-0.73,0.19,-39.55,5.92,26.79,-0.00,2023-01-10T12:52:45.186486
-0.67,-0.64,0.21,-24.96,-10.99,26.61,-0.00,2023-01-10T12:52:45.196073
-0.63,-0.59,0.09,-4.58,-20.51,24.60,-0.00,2023-01-10T12:52:45.205601
-0.67,-0.69,0.05,11.72,-25.76,22.16,-0.00,2023-01-10T12:52:45.214986
-0.69,-0.74,0.07,21.36,-24.96,22.28,-0.00,2023-01-10T12:52:45.223965
-0.73,-0.80,0.14,20.81,-23.93,23.99,-0.00,2023-01-10T12:52:45.232936
-0.81,-0.83,0.21,10.07,-25.70,19.78,-0.00,2023-01-10T12:52:45.242622
-1.02,-0.91,0.32,13.31,-22.64,17.82,-0.00,2023-01-10T12:52:45.252325
-1.02,-0.91,0.32,18.55,-18.31,17.15,-0.00,2023-01-10T12:52:45.261236
-1.08,-0.96,0.38,21.36,-14.04,20.69,-0.00,2023-01-10T12:52:45.269919
-1.06,-0.97,0.37,21.91,-10.62,28.32,-0.00,2023-01-10T12:52:45.278917
-1.04,-0.98,0.35,21.36,-8.18,37.23,-0.00,2023-01-10T12:52:45.287904
-1.05,-1.00,0.33,19.17,-6.71,45.65,-0.00,2023-01-10T12:52:45.296954
-1.06,-1.03,0.30,16.42,-5.43,51.70,-0.00,2023-01-10T12:52:45.306597
-1.06,-1.03,0.30,13.61,-3.78,54.99,-0.00,2023-01-10T12:52:45.315340
-1.05,-1.05,0.29,10.25,-0.79,56.88,-0.00,2023-01-10T12:52:45.325079
-1.05,-1.04,0.28,5.86,3.66,59.08,-0.00,2023-01-10T12:52:45.333887
-1.02,-1.00,0.28,1.16,9.40,61.77,-0.00,2023-01-10T12:52:45.343613
-0.97,-0.95,0.28,-2.87,18.92,69.21,-0.00,2023-01-10T12:52:45.353141
-0.93,-0.91,0.28,-2.87,18.92,69.21,-0.00,2023-01-10T12:52:45.360944
-0.87,-0.87,0.27,-2.62,20.63,76.48,-0.00,2023-01-10T12:52:45.370626
-0.81,-0.83,0.26,0.12,18.43,79.65,-0.00,2023-01-10T12:52:45.380088
-0.72,-0.76,0.23,3.17,14.89,82.82,-0.00,2023-01-10T12:52:45.388934
-0.67,-0.73,0.22,5.49,10.99,85.69,-0.00,2023-01-10T12:52:45.398627
-0.67,-0.73,0.22,7.14,7.81,87.89,-0.00,2023-01-10T12:52:45.407281
-0.64,-0.72,0.19,8.42,5.80,89.17,-0.00,2023-01-10T12:52:45.417177
-0.56,-0.69,0.18,9.03,4.52,89.42,-0.00,2023-01-10T12:52:45.425920
-0.53,-0.67,0.18,8.00,3.48,88.62,-0.00,2023-01-10T12:52:45.435685
-0.53,-0.67,0.18,7.32,2.99,86.73,-0.00,2023-01-10T12:52:45.444442
-0.47,-0.64,0.19,7.14,2.87,84.41,-0.00,2023-01-10T12:52:45.454060
-0.44,-0.62,0.19,6.23,3.17,81.60,-0.00,2023-01-10T12:52:45.462839
-0.42,-0.61,0.19,4.03,4.82,75.01,-0.00,2023-01-10T12:52:45.473021
-0.40,-0.60,0.19,0.43,6.47,71.11,-0.00,2023-01-10T12:52:45.482055
-0.37,-0.58,0.19,-1.34,8.54,67.57,-0.00,2023-01-10T12:52:45.490937
-0.30,-0.56,0.18,-3.54,11.35,64.21,-0.00,2023-01-10T12:52:45.500653
-0.30,-0.56,0.18,-5.80,13.85,60.79,-0.00,2023-01-10T12:52:45.509452
-0.26,-0.54,0.17,-7.81,15.87,56.52,-0.00,2023-01-10T12:52:45.519053
-0.23,-0.53,0.15,-7.81,15.87,56.52,-0.00,2023-01-10T12:52:45.527887
-0.20,-0.52,0.13,-8.79,18.07,46.57,-0.00,2023-01-10T12:52:45.537617
-0.14,-0.51,0.11,-9.09,18.07,41.14,-0.00,2023-01-10T12:52:45.546931
-0.13,-0.49,0.11,-10.07,17.40,36.13,-0.00,2023-01-10T12:52:45.555946
-0.10,-0.49,0.10,-9.77,16.30,30.88,-0.00,2023-01-10T12:52:45.564975
-0.09,-0.50,0.11,-8.06,14.71,25.51,-0.00,2023-01-10T12:52:45.573951
-0.08,-0.51,0.11,-5.86,12.51,20.32,-0.00,2023-01-10T12:52:45.582916
-0.09,-0.53,0.12,-4.03,6.41,10.31,-0.00,2023-01-10T12:52:45.591888
-0.08,-0.54,0.14,-4.03,6.41,10.31,-0.00,2023-01-10T12:52:45.599920
-0.08,-0.53,0.15,-2.32,1.65,3.42,-0.00,2023-01-10T12:52:45.609573
-0.06,-0.50,0.16,-1.34,0.12,0.92,-0.00,2023-01-10T12:52:45.619416
-0.01,-0.42,0.16,-1.10,-1.77,-1.34,-0.00,2023-01-10T12:52:45.628890
0.02,-0.39,0.13,-0.67,-4.09,-4.03,-0.00,2023-01-10T12:52:45.637877
0.04,-0.37,0.10,0.49,-6.77,-8.61,-0.00,2023-01-10T12:52:45.646851
0.06,-0.35,0.08,1.77,-9.34,-14.47,-0.00,2023-01-10T12:52:45.655859
0.08,-0.32,0.05,0.79,-11.17,-20.87,-0.00,2023-01-10T12:52:45.664871
0.09,-0.28,0.04,-2.99,-13.00,-26.92,-0.00,2023-01-10T12:52:45.673903
0.07,-0.23,0.02,-7.45,-14.83,-33.45,-0.00,2023-01-10T12:52:45.682889
0.00,-0.24,0.01,-9.70,-16.60,-41.81,-0.00,2023-01-10T12:52:45.691884
-0.07,-0.31,0.00,-6.47,-16.91,-52.80,-0.00,2023-01-10T12:52:45.700914
-0.12,-0.40,0.02,-0.43,-16.05,-65.31,-0.00,2023-01-10T12:52:45.709950
-0.21,-0.49,0.03,1.77,-14.53,-77.51,-0.00,2023-01-10T12:52:45.718883
-0.29,-0.57,0.04,-5.49,-9.09,-93.75,-0.00,2023-01-10T12:52:45.728587
-0.46,-0.65,0.12,-12.02,-6.16,-98.08,-0.00,2023-01-10T12:52:45.738325
-0.46,-0.65,0.12,-17.27,-4.21,-99.79,-0.00,2023-01-10T12:52:45.747071
-0.56,-0.68,0.21,-20.14,-4.03,-99.24,-0.00,2023-01-10T12:52:45.755871
-0.59,-0.67,0.26,-21.12,-5.37,-97.23,-0.00,2023-01-10T12:52:45.764897
-0.67,-0.71,0.26,-21.42,-8.18,-94.91,-0.00,2023-01-10T12:52:45.773911
-0.73,-0.77,0.27,-17.82,-10.74,-93.51,-0.00,2023-01-10T12:52:45.782932
-0.80,-0.86,0.27,-13.31,-13.24,-93.32,-0.00,2023-01-10T12:52:45.791874
-0.88,-0.95,0.26,-11.11,-14.16,-93.44,-0.00,2023-01-10T12:52:45.800908
-0.93,-1.03,0.28,-10.25,-13.61,-93.08,-0.00,2023-01-10T12:52:45.809994
-0.96,-1.06,0.30,-11.41,-12.27,-91.86,-0.00,2023-01-10T12:52:45.819734
-1.00,-1.07,0.32,-13.61,-10.25,-89.54,-0.00,2023-01-10T12:52:45.828903
-1.04,-1.08,0.34,-15.08,-7.81,-86.30,-0.00,2023-01-10T12:52:45.837938
-1.06,-1.07,0.37,-15.26,-5.49,-81.79,-0.00,2023-01-10T12:52:45.846897
-1.07,-1.06,0.40,-15.87,-3.78,-67.38,-0.00,2023-01-10T12:52:45.855936
-1.09,-1.05,0.41,-15.87,-3.78,-67.38,-0.00,2023-01-10T12:52:45.863923
-1.08,-1.03,0.43,-18.31,-1.16,-41.14,-0.00,2023-01-10T12:52:45.872897
-1.08,-1.02,0.43,-20.14,0.06,-36.01,-0.00,2023-01-10T12:52:45.881963
-1.07,-1.01,0.40,-18.80,-0.73,-28.38,-0.00,2023-01-10T12:52:45.891624
-1.07,-1.01,0.40,-16.30,-1.46,-23.01,-0.00,2023-01-10T12:52:45.899957
-1.14,-1.11,0.35,-12.94,-1.59,-19.04,-0.00,2023-01-10T12:52:45.908909
-1.14,-1.11,0.35,-9.52,-0.43,-15.20,-0.00,2023-01-10T12:52:45.916987
-1.19,-1.21,0.39,-7.51,1.22,-11.35,-0.00,2023-01-10T12:52:45.925892
-1.21,-1.22,0.43,-6.77,2.87,-6.84,-0.00,2023-01-10T12:52:45.935646
-1.21,-1.22,0.43,-5.37,4.03,-1.53,-0.00,2023-01-10T12:52:45.944313
-1.22,-1.19,0.46,-5.37,4.03,-1.53,-0.00,2023-01-10T12:52:45.952875
-1.22,-1.16,0.48,-1.89,4.58,4.58,-0.00,2023-01-10T12:52:45.962573
-1.21,-1.14,0.47,9.52,4.64,19.53,-0.00,2023-01-10T12:52:45.972356
-1.21,-1.12,0.41,14.65,4.58,27.77,-0.00,2023-01-10T12:52:45.982081
-1.16,-1.12,0.37,17.88,4.58,35.58,-0.00,2023-01-10T12:52:45.991769
-1.13,-1.10,0.33,19.78,5.25,48.16,-0.00,2023-01-10T12:52:46.000871
-1.10,-1.07,0.30,19.78,5.25,48.16,-0.00,2023-01-10T12:52:46.008939
-1.07,-1.05,0.27,18.62,8.30,57.07,-0.00,2023-01-10T12:52:46.018664
-1.02,-1.02,0.26,17.33,9.58,61.04,-0.00,2023-01-10T12:52:46.028458
-0.99,-1.00,0.25,15.99,10.74,64.88,-0.00,2023-01-10T12:52:46.038066
-0.91,-0.93,0.24,15.38,11.60,68.18,-0.00,2023-01-10T12:52:46.046882
-0.88,-0.90,0.23,15.14,12.21,70.86,-0.00,2023-01-10T12:52:46.055882
-0.86,-0.88,0.21,15.75,12.57,73.18,-0.00,2023-01-10T12:52:46.064902
-0.83,-0.89,0.20,17.09,12.88,75.13,-0.00,2023-01-10T12:52:46.073955
-0.80,-0.89,0.19,17.21,12.88,77.33,-0.00,2023-01-10T12:52:46.082858
-0.77,-0.87,0.19,14.28,12.39,80.26,-0.00,2023-01-10T12:52:46.092638
-0.72,-0.84,0.20,9.95,11.84,83.31,-0.00,2023-01-10T12:52:46.101918
-0.68,-0.79,0.20,6.10,11.41,85.75,-0.00,2023-01-10T12:52:46.111623
-0.64,-0.76,0.20,3.30,11.60,87.34,-0.00,2023-01-10T12:52:46.120895
-0.54,-0.71,0.19,3.30,11.29,86.85,-0.00,2023-01-10T12:52:46.131120
-0.52,-0.70,0.18,2.93,11.29,85.88,-0.00,2023-01-10T12:52:46.139931
-0.48,-0.71,0.18,2.32,11.78,84.47,-0.00,2023-01-10T12:52:46.148885
-0.45,-0.71,0.18,0.00,12.51,82.46,-0.00,2023-01-10T12:52:46.158576
-0.44,-0.72,0.18,-3.85,13.98,80.32,-0.00,2023-01-10T12:52:46.167891
-0.42,-0.70,0.20,-7.51,16.17,77.58,-0.00,2023-01-10T12:52:46.176888
-0.39,-0.66,0.20,-11.05,18.01,74.40,-0.00,2023-01-10T12:52:46.185893
-0.36,-0.64,0.20,-12.15,20.32,71.17,-0.00,2023-01-10T12:52:46.194939
-0.32,-0.63,0.20,-11.72,22.58,68.30,-0.00,2023-01-10T12:52:46.203882
-0.28,-0.61,0.18,-12.21,24.05,66.22,-0.00,2023-01-10T12:52:46.212908
-0.23,-0.60,0.16,-12.57,25.15,62.56,-0.00,2023-01-10T12:52:46.222599
-0.19,-0.58,0.16,-12.57,25.15,62.56,-0.00,2023-01-10T12:52:46.230947
-0.16,-0.57,0.15,-12.76,21.61,57.19,-0.00,2023-01-10T12:52:46.240001
-0.12,-0.58,0.16,-12.76,21.61,57.19,-0.00,2023-01-10T12:52:46.247931
-0.10,-0.58,0.17,-9.34,15.69,51.39,-0.00,2023-01-10T12:52:46.256891
-0.07,-0.58,0.21,-7.87,12.94,48.34,-0.00,2023-01-10T12:52:46.272549
-0.05,-0.55,0.20,-8.18,10.25,45.47,-0.00,2023-01-10T12:52:46.276265
-0.05,-0.55,0.20,-7.81,8.06,41.87,-0.00,2023-01-10T12:52:46.284998
-0.04,-0.54,0.21,-7.81,8.06,41.87,-0.00,2023-01-10T12:52:46.293746
-0.02,-0.53,0.23,-5.31,4.52,33.20,-0.00,2023-01-10T12:52:46.302815
0.01,-0.51,0.23,-3.42,3.05,28.69,-0.00,2023-01-10T12:52:46.311829
0.06,-0.48,0.22,-2.75,1.89,25.21,-0.00,2023-01-10T12:52:46.320912
0.10,-0.44,0.23,-4.09,0.61,21.73,-0.00,2023-01-10T12:52:46.329893
0.13,-0.39,0.23,-6.10,-1.28,17.70,-0.00,2023-01-10T12:52:46.338881
0.16,-0.35,0.22,-6.10,-3.91,12.70,-0.00,2023-01-10T12:52:46.347915
0.19,-0.32,0.21,-3.42,-7.26,6.71,-0.00,2023-01-10T12:52:46.357633
0.21,-0.30,0.20,0.00,-10.50,0.24,-0.00,2023-01-10T12:52:46.366992
0.21,-0.28,0.18,1.59,-16.05,-13.67,-0.00,2023-01-10T12:52:46.376679
0.20,-0.26,0.15,1.46,-18.01,-21.79,-0.00,2023-01-10T12:52:46.385952
0.15,-0.25,0.13,1.59,-19.84,-30.76,-0.00,2023-01-10T12:52:46.394932
0.15,-0.25,0.13,2.81,-21.18,-41.08,-0.00,2023-01-10T12:52:46.402993
0.02,-0.31,0.11,5.37,-21.91,-51.82,-0.00,2023-01-10T12:52:46.412005
-0.06,-0.38,0.11,8.91,-21.55,-63.60,-0.00,2023-01-10T12:52:46.421594
-0.13,-0.48,0.12,12.33,-20.20,-75.44,-0.00,2023-01-10T12:52:46.430911
-0.22,-0.58,0.13,11.41,-17.88,-85.02,-0.00,2023-01-10T12:52:46.439921
-0.31,-0.66,0.16,7.63,-14.83,-92.29,-0.00,2023-01-10T12:52:46.449595
-0.31,-0.66,0.16,2.99,-12.02,-97.41,-0.00,2023-01-10T12:52:46.458325
-0.44,-0.73,0.23,-2.14,-9.52,-100.22,-0.00,2023-01-10T12:52:46.468057
-0.46,-0.72,0.29,-5.86,-8.06,-100.10,-0.00,2023-01-10T12:52:46.476878
-0.47,-0.67,0.33,-8.85,-8.06,-97.96,-0.00,2023-01-10T12:52:46.485937
-0.51,-0.62,0.36,-11.23,-11.60,-92.53,-0.00,2023-01-10T12:52:46.495651
-0.58,-0.64,0.34,-2.56,-13.85,-92.10,-0.00,2023-01-10T12:52:46.504889
-0.65,-0.72,0.33,7.69,-15.32,-92.29,-0.00,2023-01-10T12:52:46.513896
-0.65,-0.72,0.33,16.11,-16.17,-91.61,-0.00,2023-01-10T12:52:46.521902
-0.73,-0.88,0.31,18.49,-16.42,-88.99,-0.00,2023-01-10T12:52:46.530930
-0.80,-0.95,0.26,17.40,-16.36,-85.08,-0.00,2023-01-10T12:52:46.540630
-0.81,-0.99,0.26,15.50,-16.05,-80.99,-0.00,2023-01-10T12:52:46.549880
-0.82,-1.01,0.27,12.15,-15.75,-77.51,-0.00,2023-01-10T12:52:46.558882
-0.81,-0.97,0.29,6.47,-15.69,-74.34,-0.00,2023-01-10T12:52:46.567884
-0.79,-0.89,0.30,0.12,-15.75,-71.35,-0.00,2023-01-10T12:52:46.576968
-0.75,-0.80,0.31,-4.52,-14.71,-68.12,-0.00,2023-01-10T12:52:46.585916
-0.70,-0.71,0.31,-7.81,-12.70,-64.82,-0.00,2023-01-10T12:52:46.595083
-0.66,-0.63,0.28,-11.96,-10.68,-61.95,-0.00,2023-01-10T12:52:46.603929
-0.61,-0.57,0.25,-15.26,-8.30,-60.79,-0.00,2023-01-10T12:52:46.612904
-0.61,-0.55,0.22,-18.55,-6.53,-61.52,-0.00,2023-01-10T12:52:46.621867
-0.66,-0.60,0.14,-20.26,-4.88,-66.16,-0.00,2023-01-10T12:52:46.630870
-0.66,-0.66,0.15,-15.87,-1.71,-72.51,-0.00,2023-01-10T12:52:46.639869
-0.68,-0.68,0.13,-13.67,0.49,-82.09,-0.00,2023-01-10T12:52:46.648884
-0.72,-0.72,0.11,-13.67,0.49,-82.09,-0.00,2023-01-10T12:52:46.656892
-0.77,-0.78,0.12,-19.10,1.77,-83.37,-0.00,2023-01-10T12:52:46.666608
-0.84,-0.83,0.17,-23.19,0.24,-82.46,-0.00,2023-01-10T12:52:46.676287
-0.93,-0.87,0.21,-23.19,0.24,-82.46,-0.00,2023-01-10T12:52:46.684863
-1.11,-0.95,0.35,-22.46,-3.66,-79.04,-0.00,2023-01-10T12:52:46.693959
-1.20,-1.03,0.43,-17.82,-4.82,-76.29,-0.00,2023-01-10T12:52:46.703073
-1.40,-1.13,0.52,-4.82,-2.50,-70.50,-0.00,2023-01-10T12:52:46.711982
-1.92,-1.91,0.75,34.24,13.12,-66.65,-0.00,2023-01-10T12:52:46.721599
-1.92,-1.91,0.75,45.72,9.52,-82.40,-0.00,2023-01-10T12:52:46.730304
-2.58,-2.73,0.65,-13.49,2.69,-68.79,-0.00,2023-01-10T12:52:46.740092
-1.38,-1.02,0.61,-42.42,9.70,-23.32,-0.00,2023-01-10T12:52:46.748926
-1.48,-1.15,0.54,-31.62,26.73,5.74,-0.00,2023-01-10T12:52:46.757879
-1.45,-1.14,0.56,-11.78,28.14,34.55,-0.00,2023-01-10T12:52:46.766895
-1.27,-1.09,0.49,5.43,24.72,50.11,-0.00,2023-01-10T12:52:46.775859
-1.19,-1.04,0.37,17.52,16.05,59.69,-0.00,2023-01-10T12:52:46.784891
-1.14,-1.03,0.29,31.49,-10.80,63.42,-0.00,2023-01-10T12:52:46.793894
-1.10,-1.06,0.17,31.49,-10.80,63.42,-0.00,2023-01-10T12:52:46.801975
-1.03,-1.06,0.13,40.71,-3.54,78.25,-0.00,2023-01-10T12:52:46.810971
-0.96,-0.96,0.16,40.71,-3.54,78.25,-0.00,2023-01-10T12:52:46.819001
-0.92,-0.88,0.21,19.47,-6.96,86.85,-0.00,2023-01-10T12:52:46.827871
-0.93,-0.85,0.26,18.86,-11.84,86.67,-0.00,2023-01-10T12:52:46.837574
-0.97,-0.86,0.32,24.90,-12.21,85.69,-0.00,2023-01-10T12:52:46.847373
-0.97,-0.86,0.32,28.81,-10.19,86.06,-0.00,2023-01-10T12:52:46.856096
-0.95,-0.86,0.32,28.81,-10.19,86.06,-0.00,2023-01-10T12:52:46.864822
-0.88,-0.79,0.29,22.40,-2.87,92.65,-0.00,2023-01-10T12:52:46.873904
-0.81,-0.75,0.26,18.13,1.83,96.68,-0.00,2023-01-10T12:52:46.882902
-0.75,-0.73,0.24,13.31,6.04,99.12,-0.00,2023-01-10T12:52:46.891909
-0.71,-0.72,0.21,8.24,9.77,99.00,-0.00,2023-01-10T12:52:46.900848
-0.68,-0.73,0.18,3.91,13.18,96.68,-0.00,2023-01-10T12:52:46.910628
-0.68,-0.73,0.18,0.49,16.60,92.53,-0.00,2023-01-10T12:52:46.919288
-0.62,-0.74,0.15,-3.42,19.78,87.83,-0.00,2023-01-10T12:52:46.929070
-0.59,-0.73,0.15,-7.81,23.19,83.19,-0.00,2023-01-10T12:52:46.937863
-0.56,-0.72,0.16,-12.02,26.18,79.65,-0.00,2023-01-10T12:52:46.946901
-0.53,-0.70,0.19,-15.20,28.08,75.87,-0.00,2023-01-10T12:52:46.955871
-0.50,-0.69,0.22,-15.20,28.08,75.87,-0.00,2023-01-10T12:52:46.963960
-0.48,-0.67,0.24,-16.54,28.69,75.01,-0.00,2023-01-10T12:52:46.972912
-0.48,-0.67,0.24,-16.54,28.69,75.01,-0.00,2023-01-10T12:52:46.980951
-0.48,-0.69,0.25,-12.76,26.55,74.04,-0.00,2023-01-10T12:52:46.989914
-0.48,-0.71,0.25,-11.23,26.00,73.55,-0.00,2023-01-10T12:52:46.999590
-0.49,-0.72,0.25,-14.04,27.65,73.49,-0.00,2023-01-10T12:52:47.009354
-0.44,-0.66,0.25,-17.21,29.36,73.97,-0.00,2023-01-10T12:52:47.017927
-0.37,-0.59,0.24,-17.88,31.43,74.22,-0.00,2023-01-10T12:52:47.026945
-0.30,-0.56,0.21,-15.26,32.47,74.34,-0.00,2023-01-10T12:52:47.036018
-0.24,-0.57,0.20,-11.60,32.23,73.67,-0.00,2023-01-10T12:52:47.044950
-0.17,-0.55,0.17,-9.83,30.09,72.33,-0.00,2023-01-10T12:52:47.053887
-0.11,-0.53,0.16,-9.83,27.10,70.86,-0.00,2023-01-10T12:52:47.062853
-0.05,-0.49,0.16,-10.19,22.95,68.54,-0.00,2023-01-10T12:52:47.072644
0.02,-0.44,0.15,-10.31,18.31,65.06,-0.00,2023-01-10T12:52:47.081886
0.09,-0.41,0.14,-10.68,13.85,61.28,-0.00,2023-01-10T12:52:47.091625
0.14,-0.38,0.13,-9.89,9.03,52.49,-0.00,2023-01-10T12:52:47.100886
0.20,-0.36,0.12,-8.42,-1.40,48.28,-0.00,2023-01-10T12:52:47.110692
0.31,-0.27,0.11,-10.93,-6.90,43.76,-0.00,2023-01-10T12:52:47.120327
0.31,-0.27,0.11,-15.20,-12.27,38.88,-0.00,2023-01-10T12:52:47.129035
0.36,-0.14,0.13,-17.09,-17.64,33.02,-0.00,2023-01-10T12:52:47.137902
0.38,-0.10,0.13,-15.44,-23.01,25.51,-0.00,2023-01-10T12:52:47.147561
0.38,-0.10,0.13,-10.13,-28.38,16.48,-0.00,2023-01-10T12:52:47.156302
0.38,-0.06,0.15,-3.60,-33.08,5.86,-0.00,2023-01-10T12:52:47.166044
0.37,-0.09,0.15,2.62,-37.41,-5.37,-0.00,2023-01-10T12:52:47.174868
0.34,-0.11,0.15,8.00,-41.08,-17.09,-0.00,2023-01-10T12:52:47.183904
0.31,-0.15,0.15,11.29,-43.52,-29.42,-0.00,2023-01-10T12:52:47.193664
0.25,-0.17,0.15,12.57,-43.40,-54.69,-0.00,2023-01-10T12:52:47.203423
0.17,-0.19,0.17,8.67,-41.69,-67.69,-0.00,2023-01-10T12:52:47.213081
0.17,-0.19,0.17,8.67,-41.69,-67.69,-0.00,2023-01-10T12:52:47.220015
-0.03,-0.27,0.19,9.40,-35.10,-97.23,-0.00,2023-01-10T12:52:47.228879
-0.17,-0.36,0.22,9.40,-35.10,-97.23,-0.00,2023-01-10T12:52:47.236974
-0.32,-0.49,0.24,12.15,-20.94,-125.43,-0.00,2023-01-10T12:52:47.246587
-0.45,-0.63,0.26,9.40,-11.66,-135.25,-0.00,2023-01-10T12:52:47.256321
-0.56,-0.74,0.30,3.11,-2.69,-141.66,-0.00,2023-01-10T12:52:47.266025
-0.73,-0.80,0.39,-4.58,4.21,-143.25,-0.00,2023-01-10T12:52:47.274853
-0.77,-0.78,0.43,-10.56,8.54,-140.62,-0.00,2023-01-10T12:52:47.283920
-0.80,-0.76,0.47,-12.02,10.31,-135.31,-0.00,2023-01-10T12:52:47.292935
-0.81,-0.76,0.48,-9.46,9.77,-127.44,-0.00,2023-01-10T12:52:47.301913
-0.83,-0.79,0.47,-4.64,7.26,-117.31,-0.00,2023-01-10T12:52:47.310917
-0.86,-0.84,0.45,0.85,2.81,-106.63,-0.00,2023-01-10T12:52:47.320024
-0.87,-0.89,0.40,7.02,-2.38,-96.31,-0.00,2023-01-10T12:52:47.328837
-0.88,-0.93,0.36,11.72,-7.69,-86.91,-0.00,2023-01-10T12:52:47.337873
-0.91,-1.00,0.33,14.16,-12.51,-79.47,-0.00,2023-01-10T12:52:47.347606
-0.95,-1.06,0.31,12.70,-18.74,-69.21,-0.00,2023-01-10T12:52:47.357400
-0.97,-1.07,0.32,9.83,-20.45,-65.92,-0.00,2023-01-10T12:52:47.367023
-0.97,-1.07,0.32,7.20,-21.24,-62.81,-0.00,2023-01-10T12:52:47.374916
-0.97,-0.98,0.33,5.07,-20.45,-59.57,-0.00,2023-01-10T12:52:47.383902
-0.97,-0.98,0.33,3.36,-18.68,-55.97,-0.00,2023-01-10T12:52:47.391904
-0.95,-0.88,0.33,1.28,-16.05,-51.88,-0.00,2023-01-10T12:52:47.400895
-0.95,-0.88,0.33,-0.79,-12.51,-48.77,-0.00,2023-01-10T12:52:47.408950
-0.98,-0.93,0.28,-0.31,-8.18,-47.85,-0.00,2023-01-10T12:52:47.417829
-0.98,-0.93,0.28,1.59,-3.78,-47.79,-0.00,2023-01-10T12:52:47.425930
-0.99,-1.00,0.26,0.92,-0.31,-46.57,-0.00,2023-01-10T12:52:47.434856
-0.99,-1.00,0.26,-0.92,2.14,-44.49,-0.00,2023-01-10T12:52:47.442948
-1.02,-1.03,0.24,-3.05,4.21,-41.38,-0.00,2023-01-10T12:52:47.452724
-1.09,-1.11,0.27,-5.43,5.80,-37.41,-0.00,2023-01-10T12:52:47.461889
-1.12,-1.12,0.29,-7.32,6.90,-33.57,-0.00,2023-01-10T12:52:47.470845
-1.16,-1.13,0.31,-7.87,7.57,-29.42,-0.00,2023-01-10T12:52:47.480593
-1.17,-1.12,0.33,-6.10,8.30,-24.60,-0.00,2023-01-10T12:52:47.489887
-1.17,-1.11,0.34,-2.75,8.85,-18.74,-0.00,2023-01-10T12:52:47.499560
-1.16,-1.10,0.34,2.01,8.97,-10.99,-0.00,2023-01-10T12:52:47.509234
-1.14,-1.09,0.33,11.11,6.59,6.35,-0.00,2023-01-10T12:52:47.518998
-1.12,-1.09,0.30,11.11,6.59,6.35,-0.00,2023-01-10T12:52:47.526861
-1.11,-1.10,0.28,29.48,1.59,23.38,-0.00,2023-01-10T12:52:47.535887
-1.11,-1.13,0.28,17.94,-0.85,29.85,-0.00,2023-01-10T12:52:47.545565
-1.11,-1.13,0.28,18.13,-3.36,36.07,-0.00,2023-01-10T12:52:47.554324
-1.12,-1.18,0.31,17.58,-4.88,41.81,-0.00,2023-01-10T12:52:47.564019
-1.14,-1.14,0.36,17.64,-5.74,47.79,-0.00,2023-01-10T12:52:47.572988
-1.14,-1.11,0.38,19.17,-5.13,53.71,-0.00,2023-01-10T12:52:47.581845
-1.12,-1.09,0.37,20.26,-3.66,60.55,-0.00,2023-01-10T12:52:47.591627
-1.12,-1.09,0.37,20.39,-1.40,67.44,-0.00,2023-01-10T12:52:47.600343
-1.06,-1.06,0.36,17.94,1.46,74.58,-0.00,2023-01-10T12:52:47.610094
-0.99,-1.00,0.29,13.85,5.13,80.20,-0.00,2023-01-10T12:52:47.618945
-0.92,-0.96,0.27,10.01,9.52,84.47,-0.00,2023-01-10T12:52:47.628624
-0.88,-0.92,0.25,0.43,17.03,89.23,-0.00,2023-01-10T12:52:47.638290
-0.82,-0.84,0.21,-4.03,20.14,90.27,-0.00,2023-01-10T12:52:47.648015
-0.82,-0.84,0.21,-4.03,20.14,90.27,-0.00,2023-01-10T12:52:47.655784
-0.72,-0.80,0.20,-12.39,24.66,91.25,-0.00,2023-01-10T12:52:47.664920
-0.63,-0.75,0.23,-14.65,25.39,91.19,-0.00,2023-01-10T12:52:47.674592
-0.63,-0.75,0.23,-15.81,25.27,91.00,-0.00,2023-01-10T12:52:47.683311
-0.61,-0.74,0.24,-15.56,24.60,90.52,-0.00,2023-01-10T12:52:47.693087
-0.56,-0.72,0.29,-14.65,23.19,90.21,-0.00,2023-01-10T12:52:47.701898
-0.53,-0.69,0.31,-13.55,21.73,90.21,-0.00,2023-01-10T12:52:47.711734
-0.53,-0.69,0.31,-11.72,19.84,90.03,-0.00,2023-01-10T12:52:47.720368
-0.48,-0.60,0.28,-6.96,18.31,90.27,-0.00,2023-01-10T12:52:47.730049
-0.43,-0.59,0.26,0.00,17.33,90.70,-0.00,2023-01-10T12:52:47.739637
-0.37,-0.58,0.23,5.13,0.43,93.02,-0.00,2023-01-10T12:52:47.748944
-0.32,-0.54,0.19,5.13,0.43,93.02,-0.00,2023-01-10T12:52:47.756905
-0.26,-0.51,0.15,5.49,12.08,91.74,-0.00,2023-01-10T12:52:47.765858
-0.19,-0.48,0.13,5.07,7.93,88.99,-0.00,2023-01-10T12:52:47.775546
-0.07,-0.42,0.09,4.21,5.07,84.90,-0.00,2023-01-10T12:52:47.784871
-0.02,-0.41,0.09,3.36,2.26,79.77,-0.00,2023-01-10T12:52:47.794649
0.03,-0.41,0.09,1.46,-0.43,73.91,-0.00,2023-01-10T12:52:47.803837
0.09,-0.39,0.09,-1.46,-3.17,67.81,-0.00,2023-01-10T12:52:47.812856
0.14,-0.38,0.10,-4.46,-5.68,60.79,-0.00,2023-01-10T12:52:47.822578
0.18,-0.35,0.12,-8.12,-8.06,53.41,-0.00,2023-01-10T12:52:47.831899
0.22,-0.31,0.14,-10.80,-10.31,45.96,-0.00,2023-01-10T12:52:47.841573
0.28,-0.26,0.15,-12.39,-14.71,31.86,-0.00,2023-01-10T12:52:47.851362
0.33,-0.20,0.18,-15.50,-17.09,24.90,-0.00,2023-01-10T12:52:47.861107
0.33,-0.20,0.18,-15.50,-17.09,24.90,-0.00,2023-01-10T12:52:47.868035
0.38,-0.08,0.18,-17.40,-23.80,9.70,-0.00,2023-01-10T12:52:47.876877
0.39,-0.04,0.19,-17.40,-23.80,9.70,-0.00,2023-01-10T12:52:47.884894
0.39,-0.01,0.19,-12.39,-31.56,-8.79,-0.00,2023-01-10T12:52:47.893911
0.38,0.00,0.19,-12.39,-31.56,-8.79,-0.00,2023-01-10T12:52:47.901917
0.34,-0.00,0.18,-3.54,-34.79,-32.78,-0.00,2023-01-10T12:52:47.910870
0.29,-0.02,0.17,5.07,-39.49,-46.69,-0.00,2023-01-10T12:52:47.920550
0.13,-0.11,0.17,8.85,-39.79,-61.28,-0.00,2023-01-10T12:52:47.930291
0.13,-0.11,0.17,11.96,-38.45,-76.90,-0.00,2023-01-10T12:52:47.939049
-0.09,-0.24,0.17,13.31,-34.42,-92.71,-0.00,2023-01-10T12:52:47.947902
-0.21,-0.33,0.18,12.94,-28.14,-107.85,-0.00,2023-01-10T12:52:47.956958
-0.34,-0.42,0.20,11.11,-20.14,-122.19,-0.00,2023-01-10T12:52:47.965907
-0.45,-0.52,0.22,8.79,-10.93,-134.77,-0.00,2023-01-10T12:52:47.974914
-0.56,-0.61,0.25,6.65,-2.69,-145.81,-0.00,2023-01-10T12:52:47.983857
-0.67,-0.70,0.29,5.43,4.82,-155.15,-0.00,2023-01-10T12:52:47.992873
-0.72,-0.75,0.34,4.52,10.68,-159.67,-0.00,2023-01-10T12:52:48.001953
-0.79,-0.76,0.39,4.52,12.57,-159.61,-0.00,2023-01-10T12:52:48.010901
-0.86,-0.79,0.40,7.51,12.33,-156.37,-0.00,2023-01-10T12:52:48.020016
-0.92,-0.86,0.40,12.45,11.05,-148.80,-0.00,2023-01-10T12:52:48.029607
-1.01,-0.97,0.40,18.55,6.41,-131.23,-0.00,2023-01-10T12:52:48.039298
-1.13,-1.17,0.37,14.47,3.11,-120.85,-0.00,2023-01-10T12:52:48.049065
-1.13,-1.17,0.37,7.63,0.18,-111.08,-0.00,2023-01-10T12:52:48.056852
-1.22,-1.25,0.36,1.71,-1.28,-101.68,-0.00,2023-01-10T12:52:48.065867
-1.22,-1.25,0.36,-2.56,-1.83,-92.47,-0.00,2023-01-10T12:52:48.073886
-1.25,-1.26,0.37,-4.52,-1.46,-82.89,-0.00,2023-01-10T12:52:48.082829
-1.25,-1.26,0.37,-6.04,-0.55,-73.06,-0.00,2023-01-10T12:52:48.090892
-1.27,-1.23,0.40,-6.77,0.37,-62.74,-0.00,2023-01-10T12:52:48.099870
-1.27,-1.23,0.40,-6.04,0.43,-52.73,-0.00,2023-01-10T12:52:48.107903
-1.24,-1.20,0.41,-3.97,0.12,-43.21,-0.00,2023-01-10T12:52:48.116868
-1.24,-1.20,0.41,1.40,-0.31,-34.85,-0.00,2023-01-10T12:52:48.124882
-1.28,-1.23,0.39,8.06,-0.55,-27.28,-0.00,2023-01-10T12:52:48.133859
-1.28,-1.23,0.39,12.21,-0.61,-19.65,-0.00,2023-01-10T12:52:48.141897
-1.31,-1.34,0.39,13.92,-0.43,-10.68,-0.00,2023-01-10T12:52:48.150917
-1.38,-1.38,0.41,12.39,-0.12,-1.59,-0.00,2023-01-10T12:52:48.160623
-1.40,-1.37,0.42,13.85,0.18,7.32,-0.00,2023-01-10T12:52:48.169911
-1.40,-1.35,0.43,16.85,0.73,16.97,-0.00,2023-01-10T12:52:48.179580
-1.40,-1.35,0.43,20.02,1.65,26.98,-0.00,2023-01-10T12:52:48.188273
-1.39,-1.31,0.42,23.32,2.14,37.11,-0.00,2023-01-10T12:52:48.198065
-1.32,-1.24,0.34,25.94,3.42,47.67,-0.00,2023-01-10T12:52:48.207558
-1.27,-1.21,0.29,27.16,4.94,57.31,-0.00,2023-01-10T12:52:48.216852
-1.21,-1.18,0.24,26.73,6.47,66.71,-0.00,2023-01-10T12:52:48.225873
-1.15,-1.13,0.19,23.56,8.24,81.24,-0.00,2023-01-10T12:52:48.234828
-1.09,-1.09,0.16,23.56,8.24,81.24,-0.00,2023-01-10T12:52:48.242917
-1.03,-1.04,0.14,10.99,14.28,90.03,-0.00,2023-01-10T12:52:48.252751
-0.96,-0.92,0.14,7.63,14.95,92.96,-0.00,2023-01-10T12:52:48.261919
-0.82,-0.86,0.14,5.00,14.65,95.58,-0.00,2023-01-10T12:52:48.271656
-0.82,-0.86,0.14,3.66,13.85,97.41,-0.00,2023-01-10T12:52:48.280284
-0.76,-0.81,0.14,3.36,12.27,98.82,-0.00,2023-01-10T12:52:48.290073
-0.66,-0.76,0.15,2.99,10.56,99.98,-0.00,2023-01-10T12:52:48.298878
-0.64,-0.74,0.16,2.69,9.28,100.65,-0.00,2023-01-10T12:52:48.308593
-0.59,-0.73,0.17,2.81,7.87,100.83,-0.00,2023-01-10T12:52:48.317881
-0.56,-0.70,0.18,2.32,6.71,100.71,-0.00,2023-01-10T12:52:48.327710
-0.55,-0.67,0.18,2.14,5.74,100.83,-0.00,2023-01-10T12:52:48.336971
-0.52,-0.64,0.17,3.91,5.19,99.98,-0.00,2023-01-10T12:52:48.345809
-0.47,-0.65,0.14,10.01,4.64,99.73,-0.00,2023-01-10T12:52:48.355554
-0.47,-0.65,0.14,11.35,3.66,99.73,-0.00,2023-01-10T12:52:48.363846
-0.42,-0.67,0.09,11.23,2.08,99.49,-0.00,2023-01-10T12:52:48.373606
-0.34,-0.70,0.13,9.95,0.18,99.30,-0.00,2023-01-10T12:52:48.382902
-0.31,-0.68,0.14,7.93,-2.01,99.00,-0.00,2023-01-10T12:52:48.391856
-0.27,-0.66,0.16,6.23,-3.54,98.33,-0.00,2023-01-10T12:52:48.401601
-0.22,-0.64,0.17,5.74,-4.76,97.23,-0.00,2023-01-10T12:52:48.410866
-0.17,-0.60,0.18,4.46,-6.04,96.19,-0.00,2023-01-10T12:52:48.420571
-0.12,-0.55,0.18,2.56,-7.32,94.67,-0.00,2023-01-10T12:52:48.429837
-0.05,-0.51,0.19,0.37,-8.79,92.16,-0.00,2023-01-10T12:52:48.438820
0.00,-0.47,0.19,-1.04,-11.60,85.45,-0.00,2023-01-10T12:52:48.448589
0.06,-0.43,0.18,-0.06,-12.94,80.51,-0.00,2023-01-10T12:52:48.457814
0.06,-0.43,0.18,0.00,-13.92,74.95,-0.00,2023-01-10T12:52:48.465843
0.18,-0.39,0.16,-1.46,-14.77,69.27,-0.00,2023-01-10T12:52:48.474898
0.31,-0.33,0.15,-4.27,-15.87,63.05,-0.00,2023-01-10T12:52:48.484603
0.38,-0.27,0.15,-9.40,-17.76,56.64,-0.00,2023-01-10T12:52:48.493863
0.42,-0.19,0.15,-15.08,-20.14,50.60,-0.00,2023-01-10T12:52:48.503627
0.42,-0.19,0.15,-19.04,-23.07,43.52,-0.00,2023-01-10T12:52:48.512318
0.45,-0.09,0.15,-18.13,-25.82,34.30,-0.00,2023-01-10T12:52:48.521830
0.47,-0.07,0.15,-11.29,-28.99,23.32,-0.00,2023-01-10T12:52:48.530874
0.48,-0.07,0.15,-3.85,-31.92,11.11,-0.00,2023-01-10T12:52:48.539848
0.46,-0.08,0.14,1.16,-34.18,-1.28,-0.00,2023-01-10T12:52:48.548844
0.43,-0.09,0.14,4.09,-35.77,-13.73,-0.00,2023-01-10T12:52:48.557837
0.38,-0.10,0.14,5.00,-36.62,-27.22,-0.00,2023-01-10T12:52:48.566848
0.32,-0.11,0.15,6.53,-35.64,-56.09,-0.00,2023-01-10T12:52:48.576614
0.23,-0.16,0.16,7.93,-33.69,-72.57,-0.00,2023-01-10T12:52:48.586007
0.23,-0.16,0.16,12.88,-29.85,-90.21,-0.00,2023-01-10T12:52:48.594029
0.02,-0.37,0.19,16.72,-23.50,-108.58,-0.00,2023-01-10T12:52:48.603044
0.02,-0.37,0.19,14.89,-15.01,-125.00,-0.00,2023-01-10T12:52:48.611024
-0.24,-0.45,0.21,8.36,-4.82,-138.43,-0.00,2023-01-10T12:52:48.620599
-0.44,-0.60,0.25,0.61,5.62,-149.84,-0.00,2023-01-10T12:52:48.629825
-0.50,-0.59,0.29,-6.65,16.91,-158.63,-0.00,2023-01-10T12:52:48.638888
-0.54,-0.56,0.32,-15.08,24.96,-162.11,-0.00,2023-01-10T12:52:48.647821
-0.61,-0.56,0.33,-18.68,30.03,-163.21,-0.00,2023-01-10T12:52:48.656914
-0.68,-0.61,0.35,-14.16,32.84,-163.64,-0.00,2023-01-10T12:52:48.665874
-0.78,-0.70,0.35,-6.10,32.04,-162.72,-0.00,2023-01-10T12:52:48.674888
-0.86,-0.82,0.33,3.91,30.52,-159.12,-0.00,2023-01-10T12:52:48.683920
-0.93,-0.93,0.30,10.86,28.32,-153.81,-0.00,2023-01-10T12:52:48.692899
-1.01,-1.05,0.25,10.44,26.06,-147.40,-0.00,2023-01-10T12:52:48.701909
-1.08,-1.15,0.22,6.35,24.41,-139.59,-0.00,2023-01-10T12:52:48.710918
-1.13,-1.22,0.21,0.43,23.38,-131.65,-0.00,2023-01-10T12:52:48.719906
-1.17,-1.27,0.23,-5.68,20.51,-115.97,-0.00,2023-01-10T12:52:48.729584
-1.24,-1.34,0.24,-11.17,18.31,-108.09,-0.00,2023-01-10T12:52:48.738874
-1.28,-1.40,0.35,-10.13,15.38,-98.39,-0.00,2023-01-10T12:52:48.747864
-1.28,-1.40,0.35,-8.79,11.60,-87.04,-0.00,2023-01-10T12:52:48.755851
-1.34,-1.36,0.44,-7.87,7.39,-73.55,-0.00,2023-01-10T12:52:48.764862
-1.34,-1.36,0.44,-5.37,3.17,-58.53,-0.00,2023-01-10T12:52:48.772834
-1.35,-1.35,0.46,-1.83,-0.67,-43.70,-0.00,2023-01-10T12:52:48.781832
-1.35,-1.35,0.46,3.05,-3.36,-29.91,-0.00,2023-01-10T12:52:48.789883
-1.37,-1.34,0.38,8.48,-4.33,-17.46,-0.00,2023-01-10T12:52:48.799575
-1.39,-1.40,0.38,13.73,-4.15,-7.20,-0.00,2023-01-10T12:52:48.808871
-1.38,-1.41,0.34,16.97,-3.11,2.44,-0.00,2023-01-10T12:52:48.817866
-1.38,-1.43,0.33,17.76,-1.71,11.78,-0.00,2023-01-10T12:52:48.826859
-1.36,-1.44,0.34,18.37,-0.37,20.45,-0.00,2023-01-10T12:52:48.835903
-1.34,-1.40,0.35,17.88,0.37,29.17,-0.00,2023-01-10T12:52:48.844981
-1.32,-1.34,0.35,16.78,0.73,38.45,-0.00,2023-01-10T12:52:48.853848
-1.28,-1.27,0.35,17.33,1.16,47.97,-0.00,2023-01-10T12:52:48.863552
-1.21,-1.20,0.32,19.96,1.77,57.68,-0.00,2023-01-10T12:52:48.873283
-1.15,-1.15,0.28,22.22,3.60,76.23,-0.00,2023-01-10T12:52:48.883045
-1.10,-1.11,0.21,22.22,3.60,76.23,-0.00,2023-01-10T12:52:48.890932
-1.01,-1.07,0.20,17.40,5.43,91.00,-0.00,2023-01-10T12:52:48.900593
-0.94,-0.98,0.14,18.37,6.41,94.24,-0.00,2023-01-10T12:52:48.909831
-0.94,-0.98,0.14,10.68,5.98,98.21,-0.00,2023-01-10T12:52:48.917936
-0.82,-0.92,0.14,10.93,5.62,99.37,-0.00,2023-01-10T12:52:48.927699
-0.82,-0.92,0.14,10.93,5.62,99.37,-0.00,2023-01-10T12:52:48.935337
-0.70,-0.82,0.13,12.21,4.82,99.61,-0.00,2023-01-10T12:52:48.945096
-0.57,-0.72,0.13,9.77,3.66,102.11,-0.00,2023-01-10T12:52:48.953851
-0.51,-0.68,0.12,9.83,3.36,102.54,-0.00,2023-01-10T12:52:48.963595
-0.45,-0.65,0.11,7.81,3.23,102.23,-0.00,2023-01-10T12:52:48.972907
-0.39,-0.63,0.12,5.92,3.60,100.95,-0.00,2023-01-10T12:52:48.981863
-0.35,-0.60,0.12,3.30,4.21,98.33,-0.00,2023-01-10T12:52:48.990836
-0.33,-0.57,0.12,-0.92,4.88,94.91,-0.00,2023-01-10T12:52:49.000627
-0.28,-0.55,0.11,-4.03,5.86,91.43,-0.00,2023-01-10T12:52:49.009861
-0.23,-0.53,0.11,-4.64,7.26,87.77,-0.00,2023-01-10T12:52:49.018828
-0.21,-0.54,0.10,-5.62,10.68,79.41,-0.00,2023-01-10T12:52:49.027891
-0.18,-0.55,0.10,-9.83,11.66,75.50,-0.00,2023-01-10T12:52:49.037608
-0.08,-0.54,0.11,-12.63,12.33,71.23,-0.00,2023-01-10T12:52:49.047292
-0.08,-0.54,0.11,-15.08,12.57,66.10,-0.00,2023-01-10T12:52:49.056075
-0.06,-0.54,0.11,-15.08,12.57,66.10,-0.00,2023-01-10T12:52:49.064779
-0.04,-0.57,0.14,-14.77,12.45,53.89,-0.00,2023-01-10T12:52:49.073956
-0.03,-0.57,0.15,-14.71,12.02,47.55,-0.00,2023-01-10T12:52:49.082871
-0.01,-0.57,0.16,-15.20,11.41,41.81,-0.00,2023-01-10T12:52:49.091771
-0.00,-0.56,0.18,-15.50,10.62,36.80,-0.00,2023-01-10T12:52:49.101577
-0.00,-0.55,0.20,-15.26,9.22,31.92,-0.00,2023-01-10T12:52:49.110863
0.00,-0.54,0.21,-13.67,7.75,27.22,-0.00,2023-01-10T12:52:49.119861
0.02,-0.55,0.22,-10.07,6.04,22.71,-0.00,2023-01-10T12:52:49.128816
0.04,-0.54,0.22,-7.39,3.66,15.44,-0.00,2023-01-10T12:52:49.138630
0.07,-0.52,0.21,-7.39,3.66,15.44,-0.00,2023-01-10T12:52:49.146884
0.10,-0.49,0.20,-5.25,-0.24,9.40,-0.00,2023-01-10T12:52:49.155846
0.16,-0.43,0.17,-4.94,-2.08,5.55,-0.00,2023-01-10T12:52:49.165640
0.16,-0.43,0.17,-11.11,-4.52,1.04,-0.00,2023-01-10T12:52:49.173865
0.10,-0.37,0.16,-12.21,-6.77,-4.46,-0.00,2023-01-10T12:52:49.183502
0.21,-0.30,0.13,-7.39,-10.86,-11.29,-0.00,2023-01-10T12:52:49.192848
0.14,-0.33,0.12,-4.70,-14.34,-20.14,-0.00,2023-01-10T12:52:49.202644
0.14,-0.33,0.12,-1.22,-16.85,-29.17,-0.00,2023-01-10T12:52:49.211322
0.16,-0.36,0.13,1.89,-19.35,-38.70,-0.00,2023-01-10T12:52:49.221016
0.02,-0.45,0.13,3.23,-20.51,-49.01,-0.00,2023-01-10T12:52:49.230559
0.00,-0.49,0.14,6.84,-21.12,-59.27,-0.00,2023-01-10T12:52:49.240099
-0.11,-0.56,0.15,8.91,-20.32,-69.27,-0.00,2023-01-10T12:52:49.248893
-0.21,-0.64,0.17,8.30,-18.43,-82.58,-0.00,2023-01-10T12:52:49.257859
-0.26,-0.71,0.18,8.30,-18.43,-82.58,-0.00,2023-01-10T12:52:49.265863
-0.37,-0.75,0.20,2.26,-12.63,-88.50,-0.00,2023-01-10T12:52:49.274835
-0.41,-0.77,0.24,2.26,-12.63,-88.50,-0.00,2023-01-10T12:52:49.282899
-0.43,-0.75,0.27,-6.65,-7.45,-89.48,-0.00,2023-01-10T12:52:49.291832
-0.48,-0.72,0.30,-11.60,-5.98,-87.52,-0.00,2023-01-10T12:52:49.300985
-0.49,-0.68,0.32,-11.60,-5.98,-87.52,-0.00,2023-01-10T12:52:49.308892
-0.49,-0.64,0.32,-10.80,-8.12,-83.13,-0.00,2023-01-10T12:52:49.317876
-0.50,-0.63,0.32,-10.80,-8.12,-83.13,-0.00,2023-01-10T12:52:49.325857
-0.49,-0.63,0.29,-5.43,-10.44,-80.14,-0.00,2023-01-10T12:52:49.334844
-0.49,-0.64,0.24,-0.43,-11.47,-79.53,-0.00,2023-01-10T12:52:49.344565
-0.49,-0.64,0.24,0.67,-12.70,-80.02,-0.00,2023-01-10T12:52:49.353245
-0.50,-0.66,0.22,1.65,-13.18,-81.18,-0.00,2023-01-10T12:52:49.363036
-0.51,-0.67,0.20,1.65,-13.18,-81.18,-0.00,2023-01-10T12:52:49.371722
-0.51,-0.67,0.19,1.46,-13.67,-82.58,-0.00,2023-01-10T12:52:49.381402
-0.54,-0.62,0.17,-4.58,-13.79,-85.27,-0.00,2023-01-10T12:52:49.390823
-0.60,-0.61,0.16,-9.34,-13.55,-87.28,-0.00,2023-01-10T12:52:49.399846
-0.65,-0.64,0.16,-10.68,-12.33,-91.61,-0.00,2023-01-10T12:52:49.408861
-0.67,-0.66,0.18,-8.36,-10.44,-96.56,-0.00,2023-01-10T12:52:49.417837
-0.73,-0.68,0.19,-9.03,-10.01,-100.40,-0.00,2023-01-10T12:52:49.426890
-0.84,-0.75,0.17,-10.38,-8.79,-103.64,-0.00,2023-01-10T12:52:49.435897
-0.94,-0.85,0.18,-10.07,-6.71,-105.77,-0.00,2023-01-10T12:52:49.444906
-1.04,-0.97,0.22,-10.86,-4.33,-106.57,-0.00,2023-01-10T12:52:49.453825
-1.13,-1.06,0.27,-19.04,1.53,-103.45,-0.00,2023-01-10T12:52:49.462838
-1.22,-1.13,0.33,-19.04,1.53,-103.45,-0.00,2023-01-10T12:52:49.470864
-1.29,-1.16,0.40,-24.48,6.65,-92.16,-0.00,2023-01-10T12:52:49.479817
-1.34,-1.17,0.47,-24.48,6.65,-92.16,-0.00,2023-01-10T12:52:49.487829
-1.36,-1.16,0.51,-24.17,11.29,-73.06,-0.00,2023-01-10T12:52:49.497622
-1.33,-1.11,0.51,-20.14,12.94,-61.46,-0.00,2023-01-10T12:52:49.506901
-1.33,-1.11,0.51,-17.64,14.47,-48.89,-0.00,2023-01-10T12:52:49.514879
-1.30,-1.12,0.43,-16.30,15.32,-37.72,-0.00,2023-01-10T12:52:49.523849
-1.30,-1.12,0.43,-14.89,15.99,-28.50,-0.00,2023-01-10T12:52:49.531861
-1.28,-1.16,0.37,-12.39,16.48,-21.36,-0.00,2023-01-10T12:52:49.540843
-1.28,-1.16,0.37,-9.09,16.48,-14.47,-0.00,2023-01-10T12:52:49.548862
-1.24,-1.15,0.35,-5.00,15.32,-7.14,-0.00,2023-01-10T12:52:49.557848
-1.24,-1.15,0.35,-3.11,12.94,1.28,-0.00,2023-01-10T12:52:49.565841
-1.19,-1.11,0.36,-1.28,9.89,10.31,-0.00,2023-01-10T12:52:49.575593
-1.13,-1.02,0.36,1.89,5.62,19.17,-0.00,2023-01-10T12:52:49.584827
-1.10,-0.99,0.35,6.84,1.65,27.71,-0.00,2023-01-10T12:52:49.594643
-1.06,-0.96,0.35,13.67,-2.26,35.16,-0.00,2023-01-10T12:52:49.603796
-1.02,-0.93,0.33,19.35,-5.62,42.36,-0.00,2023-01-10T12:52:49.613556
-1.02,-0.93,0.33,22.09,-8.61,49.26,-0.00,2023-01-10T12:52:49.622273
-0.94,-0.86,0.30,21.73,-10.68,55.60,-0.00,2023-01-10T12:52:49.632086
-0.89,-0.82,0.28,21.00,-11.29,61.28,-0.00,2023-01-10T12:52:49.640869
-0.85,-0.79,0.26,22.83,-10.74,64.51,-0.00,2023-01-10T12:52:49.649814
-0.80,-0.76,0.25,21.48,-8.54,66.22,-0.00,2023-01-10T12:52:49.658849
-0.79,-0.76,0.22,21.48,-8.54,66.22,-0.00,2023-01-10T12:52:49.666945
-0.79,-0.78,0.20,20.45,-2.20,61.77,-0.00,2023-01-10T12:52:49.675909
-0.78,-0.81,0.20,20.45,-2.20,61.77,-0.00,2023-01-10T12:52:49.683829
-0.78,-0.82,0.20,14.95,6.35,56.15,-0.00,2023-01-10T12:52:49.692806
-0.77,-0.83,0.25,5.92,9.89,54.50,-0.00,2023-01-10T12:52:49.702736
-0.76,-0.80,0.24,3.66,13.18,53.41,-0.00,2023-01-10T12:52:49.711916
-0.74,-0.80,0.26,3.60,15.20,53.53,-0.00,2023-01-10T12:52:49.721591
-0.73,-0.80,0.25,3.60,15.62,54.20,-0.00,2023-01-10T12:52:49.730817
-0.72,-0.81,0.24,3.78,15.50,56.58,-0.00,2023-01-10T12:52:49.739819
-0.72,-0.83,0.23,4.15,15.20,58.59,-0.00,2023-01-10T12:52:49.748834
-0.73,-0.85,0.21,3.72,14.65,60.42,-0.00,2023-01-10T12:52:49.757836
-0.74,-0.87,0.22,2.99,14.22,61.89,-0.00,2023-01-10T12:52:49.766873
-0.73,-0.88,0.23,2.01,13.61,63.35,-0.00,2023-01-10T12:52:49.776577
-0.72,-0.87,0.24,0.55,12.57,65.06,-0.00,2023-01-10T12:52:49.785864
-0.71,-0.86,0.26,-0.85,10.93,69.52,-0.00,2023-01-10T12:52:49.795581
-0.70,-0.84,0.27,0.06,10.38,71.29,-0.00,2023-01-10T12:52:49.804790
-0.66,-0.82,0.27,0.49,9.95,73.06,-0.00,2023-01-10T12:52:49.814558
-0.63,-0.80,0.27,0.12,9.95,74.89,-0.00,2023-01-10T12:52:49.823820
-0.59,-0.79,0.26,-1.16,10.38,76.35,-0.00,2023-01-10T12:52:49.832826
-0.55,-0.75,0.26,-3.48,11.54,77.64,-0.00,2023-01-10T12:52:49.841835
-0.51,-0.72,0.26,-6.59,13.00,78.00,-0.00,2023-01-10T12:52:49.850794
-0.48,-0.67,0.26,-9.09,14.10,77.39,-0.00,2023-01-10T12:52:49.860752
-0.43,-0.63,0.26,-10.01,15.32,75.93,-0.00,2023-01-10T12:52:49.869910
-0.39,-0.58,0.25,-9.77,16.24,73.91,-0.00,2023-01-10T12:52:49.879567
-0.33,-0.55,0.23,-8.36,16.66,70.92,-0.00,2023-01-10T12:52:49.888821
-0.27,-0.52,0.21,-5.80,15.69,69.03,-0.00,2023-01-10T12:52:49.898637
-0.16,-0.47,0.18,-5.80,14.34,66.89,-0.00,2023-01-10T12:52:49.908259
-0.16,-0.47,0.18,-5.86,12.08,64.21,-0.00,2023-01-10T12:52:49.917070
-0.10,-0.44,0.17,-5.86,12.08,64.21,-0.00,2023-01-10T12:52:49.925806
0.01,-0.40,0.15,-2.14,5.31,56.03,-0.00,2023-01-10T12:52:49.934907
0.04,-0.38,0.16,-1.95,1.77,51.33,-0.00,2023-01-10T12:52:49.943892
0.13,-0.35,0.14,-0.43,-1.95,46.75,-0.00,2023-01-10T12:52:49.953533
0.13,-0.35,0.14,-0.24,-5.74,42.36,-0.00,2023-01-10T12:52:49.962203
0.22,-0.29,0.13,-4.21,-9.52,37.23,-0.00,2023-01-10T12:52:49.970800
0.26,-0.25,0.14,-8.42,-13.49,31.25,-0.00,2023-01-10T12:52:49.979805
0.27,-0.22,0.15,-11.84,-17.88,24.72,-0.00,2023-01-10T12:52:49.988856
0.29,-0.19,0.16,-11.60,-22.28,16.66,-0.00,2023-01-10T12:52:49.997839
0.30,-0.18,0.17,-7.45,-26.37,6.90,-0.00,2023-01-10T12:52:50.007612
0.26,-0.17,0.18,-3.36,-31.62,-14.53,-0.00,2023-01-10T12:52:50.016833
0.23,-0.19,0.18,4.33,-32.53,-26.43,-0.00,2023-01-10T12:52:50.026599
0.13,-0.24,0.17,5.62,-31.98,-37.96,-0.00,2023-01-10T12:52:50.035954
0.07,-0.26,0.18,5.31,-30.46,-49.26,-0.00,2023-01-10T12:52:50.044787
-0.01,-0.28,0.18,3.42,-28.08,-60.49,-0.00,2023-01-10T12:52:50.053828
-0.09,-0.32,0.19,1.83,-24.54,-72.08,-0.00,2023-01-10T12:52:50.062798
-0.17,-0.36,0.20,0.98,-19.90,-83.92,-0.00,2023-01-10T12:52:50.071811
-0.26,-0.42,0.22,0.31,-15.01,-95.15,-0.00,2023-01-10T12:52:50.080802
-0.33,-0.48,0.25,-0.98,-9.77,-104.55,-0.00,2023-01-10T12:52:50.089802
-0.40,-0.53,0.28,-2.87,-5.31,-112.00,-0.00,2023-01-10T12:52:50.098839
-0.47,-0.55,0.30,-4.09,-2.20,-117.68,-0.00,2023-01-10T12:52:50.107859
-0.52,-0.57,0.33,-3.66,-0.37,-120.54,-0.00,2023-01-10T12:52:50.117659
-0.56,-0.58,0.34,-0.73,-0.55,-121.40,-0.00,2023-01-10T12:52:50.126814
-0.59,-0.57,0.34,8.18,-3.42,-117.31,-0.00,2023-01-10T12:52:50.136732
-0.68,-0.66,0.28,11.35,-5.62,-114.50,-0.00,2023-01-10T12:52:50.146269
-0.68,-0.66,0.28,13.24,-7.81,-111.27,-0.00,2023-01-10T12:52:50.155017
-0.79,-0.80,0.21,11.84,-9.58,-109.38,-0.00,2023-01-10T12:52:50.163870
-0.86,-0.87,0.18,7.57,-10.50,-108.70,-0.00,2023-01-10T12:52:50.172839
-0.94,-0.93,0.17,2.87,-10.13,-108.76,-0.00,2023-01-10T12:52:50.181812
-1.01,-0.99,0.19,-1.77,-8.42,-109.01,-0.00,2023-01-10T12:52:50.191568
-1.08,-1.05,0.22,-5.92,-5.74,-108.76,-0.00,2023-01-10T12:52:50.200893
-1.14,-1.09,0.28,-10.31,-2.81,-106.63,-0.00,2023-01-10T12:52:50.210698
-1.19,-1.11,0.34,-14.47,-0.24,-102.48,-0.00,2023-01-10T12:52:50.220295
-1.22,-1.10,0.41,-17.64,2.62,-88.07,-0.00,2023-01-10T12:52:50.229992
-1.24,-1.07,0.46,-17.64,2.62,-88.07,-0.00,2023-01-10T12:52:50.237890
-1.23,-1.03,0.49,-20.02,2.38,-67.14,-0.00,2023-01-10T12:52:50.246768
-1.20,-0.98,0.50,-20.02,2.38,-67.14,-0.00,2023-01-10T12:52:50.254871
-1.18,-0.95,0.48,-12.76,0.18,-40.65,-0.00,2023-01-10T12:52:50.263809
-1.21,-0.98,0.43,-12.76,0.18,-40.65,-0.00,2023-01-10T12:52:50.271826
-1.25,-1.06,0.36,-0.06,2.50,-36.25,-0.00,2023-01-10T12:52:50.281475
-1.27,-1.15,0.33,1.89,5.68,-32.96,-0.00,2023-01-10T12:52:50.291033
-1.29,-1.21,0.31,1.89,5.68,-32.96,-0.00,2023-01-10T12:52:50.299748
-1.35,-1.27,0.36,-0.24,10.99,-20.81,-0.00,2023-01-10T12:52:50.308828
-1.38,-1.27,0.39,-1.89,11.84,-12.57,-0.00,2023-01-10T12:52:50.318633
-1.38,-1.25,0.44,-0.79,11.17,-4.21,-0.00,2023-01-10T12:52:50.327987
-1.38,-1.22,0.46,4.21,9.46,5.43,-0.00,2023-01-10T12:52:50.337601
-1.36,-1.19,0.45,11.78,6.84,16.17,-0.00,2023-01-10T12:52:50.346778
-1.33,-1.16,0.43,19.84,4.15,28.08,-0.00,2023-01-10T12:52:50.356607
-1.28,-1.14,0.37,25.70,1.59,40.53,-0.00,2023-01-10T12:52:50.365800
-1.23,-1.12,0.32,28.87,-0.85,62.93,-0.00,2023-01-10T12:52:50.374861
-1.19,-1.09,0.27,28.87,-0.85,62.93,-0.00,2023-01-10T12:52:50.382874
-1.14,-1.06,0.25,23.44,-2.56,78.74,-0.00,2023-01-10T12:52:50.392580
-1.10,-1.03,0.23,20.26,-1.83,83.37,-0.00,2023-01-10T12:52:50.401906
-1.10,-1.03,0.23,18.01,-0.67,86.43,-0.00,2023-01-10T12:52:50.410050
-1.02,-0.95,0.24,16.91,0.85,88.56,-0.00,2023-01-10T12:52:50.419678
-0.95,-0.87,0.25,15.87,2.26,90.03,-0.00,2023-01-10T12:52:50.428863
-0.91,-0.85,0.23,15.38,4.39,91.98,-0.00,2023-01-10T12:52:50.437856
-0.86,-0.83,0.22,14.59,6.84,93.75,-0.00,2023-01-10T12:52:50.447626
-0.82,-0.81,0.20,13.06,8.97,95.03,-0.00,2023-01-10T12:52:50.456872
-0.77,-0.79,0.19,10.86,11.23,96.56,-0.00,2023-01-10T12:52:50.465886
-0.70,-0.75,0.18,7.39,12.57,97.84,-0.00,2023-01-10T12:52:50.474831
-0.63,-0.70,0.17,3.17,13.55,99.00,-0.00,2023-01-10T12:52:50.483803
-0.58,-0.66,0.16,-1.04,13.98,99.55,-0.00,2023-01-10T12:52:50.493569
-0.53,-0.63,0.16,-3.91,13.61,96.56,-0.00,2023-01-10T12:52:50.502982
-0.49,-0.61,0.16,-6.29,13.31,93.38,-0.00,2023-01-10T12:52:50.512621
-0.43,-0.62,0.18,-7.08,13.00,89.60,-0.00,2023-01-10T12:52:50.522209
-0.43,-0.62,0.18,-7.93,13.37,85.88,-0.00,2023-01-10T12:52:50.530984
-0.42,-0.62,0.19,-7.93,13.37,85.88,-0.00,2023-01-10T12:52:50.539709
-0.41,-0.62,0.22,-11.41,15.01,78.80,-0.00,2023-01-10T12:52:50.548819
-0.40,-0.62,0.23,-13.49,17.15,75.44,-0.00,2023-01-10T12:52:50.557826
-0.39,-0.62,0.24,-14.71,19.10,72.39,-0.00,2023-01-10T12:52:50.566833
-0.37,-0.62,0.24,-14.83,21.00,69.58,-0.00,2023-01-10T12:52:50.576580
-0.37,-0.62,0.24,-14.53,23.32,67.81,-0.00,2023-01-10T12:52:50.585422
-0.30,-0.59,0.25,-15.50,24.48,67.14,-0.00,2023-01-10T12:52:50.595139
-0.25,-0.55,0.25,-16.78,24.60,67.02,-0.00,2023-01-10T12:52:50.603878
-0.19,-0.51,0.24,-16.85,23.86,66.71,-0.00,2023-01-10T12:52:50.612830
-0.12,-0.48,0.23,-14.89,21.85,65.43,-0.00,2023-01-10T12:52:50.621792
-0.05,-0.44,0.22,-12.21,15.20,60.79,-0.00,2023-01-10T12:52:50.630795
-0.00,-0.41,0.21,-8.30,10.93,56.70,-0.00,2023-01-10T12:52:50.640585
-0.00,-0.41,0.21,-6.35,6.29,52.06,-0.00,2023-01-10T12:52:50.648907
0.08,-0.37,0.20,-4.39,1.83,46.88,-0.00,2023-01-10T12:52:50.658614
0.14,-0.35,0.19,-2.01,-2.32,40.71,-0.00,2023-01-10T12:52:50.667873
0.19,-0.33,0.18,-0.18,-5.49,34.73,-0.00,2023-01-10T12:52:50.677576
0.19,-0.33,0.18,-0.79,-8.85,29.05,-0.00,2023-01-10T12:52:50.686217
0.23,-0.29,0.18,-0.79,-8.85,29.05,-0.00,2023-01-10T12:52:50.694748
0.26,-0.25,0.17,-7.02,-13.98,16.85,-0.00,2023-01-10T12:52:50.704455
